date,CHF,DKK,GBP,NOK,PLN,SEK,USD,EUR
2019-01-04,1.1256,7.4679,0.89988,9.8648,4.2957,10.246,1.1403,1.0
2019-01-11,1.1327,7.4643,0.90015,9.7578,4.2973,10.2338,1.1533,1.0
2019-01-18,1.1331,7.4649,0.88125,9.7218,4.2931,10.2515,1.1402,1.0
2019-01-25,1.131,7.4664,0.8658,9.7045,4.291,10.298,1.1346,1.0
2019-02-01,1.1396,7.4654,0.87888,9.6685,4.2739,10.3878,1.1471,1.0
2019-02-08,1.1357,7.4634,0.8749,9.7693,4.3064,10.4973,1.1346,1.0
2019-02-15,1.134,7.4612,0.87938,9.769,4.3307,10.4813,1.126,1.0
2019-02-22,1.1346,7.462,0.87263,9.7643,4.337,10.5998,1.1325,1.0
2019-03-01,1.1363,7.4613,0.85968,9.7268,4.3096,10.5003,1.1383,1.0
2019-03-08,1.1324,7.46,0.85905,9.8733,4.3002,10.6316,1.1222,1.0
2019-03-15,1.136,7.4634,0.85415,9.688,4.3049,10.4964,1.1308,1.0
2019-03-22,1.1243,7.4622,0.8589,9.6423,4.2913,10.4723,1.1302,1.0
2019-03-29,1.1181,7.4652,0.8583,9.659,4.3006,10.398,1.1235,1.0
2019-04-05,1.1235,7.4646,0.85938,9.661,4.2897,10.426,1.1233,1.0
2019-04-12,1.1326,7.4643,0.8629,9.602,4.2796,10.4788,1.1321,1.0
2019-04-19,1.1383,7.4663,0.8647,9.5978,4.2786,10.476,1.125,1.0
2019-04-26,1.1372,7.4654,0.8634,9.6653,4.2878,10.5738,1.1133,1.0
2019-05-03,1.1383,7.4657,0.85785,9.7783,4.2853,10.7043,1.1155,1.0
2019-05-10,1.1378,7.4658,0.8625,9.8193,4.296,10.8108,1.123,1.0
2019-05-17,1.1283,7.4677,0.87595,9.7953,4.3031,10.766,1.1172,1.0
2019-05-24,1.1215,7.4678,0.88318,9.7558,4.2974,10.7098,1.1187,1.0
2019-05-31,1.1214,7.468,0.88693,9.7915,4.2843,10.639,1.1151,1.0
2019-06-07,1.1191,7.468,0.88675,9.7963,4.2714,10.6562,1.1273,1.0
2019-06-14,1.1211,7.4676,0.89093,9.7728,4.2534,10.639,1.1265,1.0
2019-06-21,1.1107,7.4657,0.89425,9.686,4.2584,10.6308,1.1316,1.0
2019-06-28,1.1105,7.4636,0.89655,9.6938,4.2496,10.5633,1.138,1.0
2019-07-05,1.1126,7.4635,0.89703,9.6325,4.2449,10.5575,1.126,1.0
2019-07-12,1.1087,7.4673,0.89788,9.6208,4.2675,10.5515,1.1253,1.0
2019-07-19,1.1033,7.4662,0.89635,9.6138,4.2571,10.5195,1.1226,1.0
2019-07-26,1.1053,7.4663,0.89633,9.6913,4.267,10.5585,1.1138,1.0
2019-08-02,1.0931,7.466,0.91505,9.9105,4.3014,10.7223,1.1106,1.0
2019-08-09,1.0897,7.4631,0.9282,9.9588,4.3191,10.6972,1.1198,1.0
2019-08-16,1.0854,7.459,0.91033,9.9653,4.3381,10.712,1.1076,1.0
2019-08-23,1.0893,7.4559,0.90453,9.9593,4.355,10.7165,1.1065,1.0
2019-08-30,1.0909,7.4562,0.90565,10.038,4.3812,10.8395,1.1036,1.0
2019-09-06,1.0928,7.4614,0.89635,9.923,4.3394,10.635,1.1027,1.0
2019-09-13,1.094,7.4678,0.89093,9.9213,4.3248,10.6485,1.1096,1.0
2019-09-20,1.0942,7.4668,0.8823,9.9423,4.3575,10.7113,1.103,1.0
2019-09-27,1.086,7.4661,0.88778,9.9155,4.3865,10.701,1.0935,1.0
2019-10-04,1.0913,7.4666,0.89045,9.9915,4.3245,10.8105,1.0979,1.0
2019-10-11,1.1025,7.4688,0.87518,10.0375,4.3057,10.8448,1.1043,1.0
2019-10-18,1.0996,7.4702,0.86435,10.2198,4.2843,10.7742,1.1144,1.0
2019-10-25,1.1019,7.4704,0.86598,10.1865,4.2777,10.7445,1.1107,1.0
2019-11-01,1.1013,7.4712,0.86008,10.1638,4.2535,10.6993,1.1139,1.0
2019-11-08,1.0991,7.4727,0.86158,10.0893,4.261,10.7025,1.1034,1.0
2019-11-15,1.0924,7.4723,0.8566,10.0345,4.2785,10.6518,1.1034,1.0
2019-11-22,1.0994,7.4727,0.8598,10.1083,4.2977,10.6265,1.1058,1.0
2019-11-29,1.0998,7.4713,0.85225,10.1045,4.3185,10.4995,1.0982,1.0
2019-12-06,1.0968,7.4722,0.84453,10.1235,4.2772,10.5183,1.1094,1.0
2019-12-13,1.0982,7.4731,0.83508,10.063,4.2726,10.449,1.1174,1.0
2019-12-20,1.0883,7.472,0.85133,9.9463,4.2593,10.434,1.1097,1.0
2019-12-27,1.089,7.4704,0.8513,9.8578,4.2671,10.4363,1.1153,1.0
2020-01-03,1.084,7.4731,0.85115,9.8315,4.2493,10.4858,1.1147,1.0
2020-01-10,1.0822,7.4731,0.8481,9.8745,4.2462,10.551,1.1091,1.0
2020-01-17,1.0736,7.4729,0.85105,9.889,4.2367,10.545,1.1108,1.0
2020-01-24,1.0712,7.473,0.84313,9.9375,4.2565,10.5363,1.1035,1.0
2020-01-31,1.0694,7.4731,0.84175,10.1893,4.3009,10.6768,1.1052,1.0
2020-02-07,1.0705,7.4724,0.8472,10.1673,4.2653,10.5455,1.0969,1.0
2020-02-14,1.0641,7.4713,0.83208,10.0258,4.249,10.5085,1.0842,1.0
2020-02-21,1.061,7.4702,0.8351,10.0873,4.2835,10.569,1.0801,1.0
2020-02-28,1.0614,7.4723,0.85315,10.3888,4.3259,10.6738,1.0977,1.0
2020-03-06,1.0589,7.4697,0.87165,10.4983,4.3042,10.6145,1.1336,1.0
2020-03-13,1.0608,7.4732,0.8907,11.0966,4.357,10.8453,1.1104,1.0
2020-03-20,1.0546,7.4691,0.91028,12.1215,4.5315,11.0598,1.0707,1.0
2020-03-27,1.0581,7.4606,0.89743,11.6558,4.5306,11.0158,1.0977,1.0
2020-04-03,1.0547,7.4689,0.8785,11.2628,4.5765,10.952,1.0785,1.0
2020-04-10,1.0558,7.4657,0.87565,11.2143,4.5586,10.9455,1.0867,1.0
2020-04-17,1.0515,7.4603,0.86978,11.2845,4.5185,10.8548,1.086,1.0
2020-04-24,1.0525,7.4577,0.87498,11.4785,4.5284,10.8723,1.08,1.0
2020-05-01,1.0558,7.4584,0.86905,11.184,4.5336,10.6639,1.0876,1.0
2020-05-08,1.0529,7.4598,0.87535,11.0695,4.5482,10.5875,1.0843,1.0
2020-05-15,1.0513,7.4576,0.88738,11.0568,4.565,10.6695,1.0798,1.0
2020-05-22,1.0591,7.4578,0.89563,10.9078,4.5209,10.5373,1.0904,1.0
2020-05-29,1.072,7.4542,0.90088,10.788,4.4495,10.487,1.1136,1.0
2020-06-05,1.0866,7.4564,0.89448,10.5403,4.4425,10.425,1.133,1.0
2020-06-12,1.0697,7.4551,0.89653,10.8475,4.4484,10.5103,1.1304,1.0
2020-06-19,1.0656,7.4554,0.90505,10.7135,4.4516,10.567,1.121,1.0
2020-06-26,1.0631,7.4523,0.90575,10.885,4.4684,10.4773,1.1213,1.0
2020-07-03,1.0623,7.4516,0.9012,10.6775,4.4687,10.4715,1.1224,1.0
2020-07-10,1.0625,7.4483,0.8957,10.7163,4.4743,10.398,1.1276,1.0
2020-07-17,1.0753,7.4453,0.91078,10.5995,4.4827,10.333,1.1428,1.0
2020-07-24,1.073,7.4438,0.90985,10.6953,4.4046,10.269,1.1608,1.0
2020-07-31,1.0769,7.4442,0.90053,10.7323,4.4034,10.2835,1.1848,1.0
2020-08-07,1.0804,7.4483,0.90373,10.6433,4.4081,10.3163,1.1817,1.0
2020-08-14,1.0754,7.447,0.90173,10.5403,4.3984,10.2933,1.1813,1.0
2020-08-21,1.0744,7.4441,0.89755,10.5913,4.3979,10.363,1.1769,1.0
2020-08-28,1.0758,7.4439,0.89468,10.47,4.3921,10.2603,1.1915,1.0
2020-09-04,1.0793,7.4403,0.89325,10.5768,4.4514,10.3688,1.1842,1.0
2020-09-11,1.0777,7.4402,0.92408,10.7028,4.4467,10.3713,1.1854,1.0
2020-09-18,1.0776,7.4403,0.91318,10.7538,4.4602,10.399,1.1833,1.0
2020-09-25,1.0798,7.4465,0.91343,11.1445,4.5557,10.6285,1.1634,1.0
2020-10-02,1.079,7.4414,0.90673,10.904,4.4944,10.425,1.173,1.0
2020-10-09,1.0773,7.4422,0.91167,10.8623,4.4702,10.42,1.1795,1.0
2020-10-16,1.0721,7.442,0.90915,10.957,4.5558,10.3593,1.1741,1.0
2020-10-23,1.0715,7.4407,0.90675,10.9178,4.5823,10.3618,1.1856,1.0
2020-10-30,1.0698,7.4466,0.90208,11.094,4.6222,10.365,1.1698,1.0
2020-11-06,1.0682,7.4493,0.9043,10.9203,4.5263,10.2805,1.187,1.0
2020-11-13,1.0805,7.4468,0.89683,10.8123,4.4888,10.2537,1.1815,1.0
2020-11-20,1.0811,7.4489,0.89393,10.6613,4.4639,10.2168,1.1863,1.0
2020-11-27,1.0826,7.4415,0.89442,10.563,4.4907,10.1723,1.1922,1.0
2020-12-04,1.0822,7.4429,0.90282,10.6598,4.4769,10.2578,1.2159,1.0
2020-12-11,1.0786,7.4429,0.92294,10.6968,4.4358,10.256,1.2127,1.0
2020-12-18,1.0845,7.4393,0.90828,10.5163,4.4779,10.1333,1.2259,1.0
2020-12-25,1.0851,7.4389,0.89795,10.5108,4.5022,10.0763,1.2193,1.0
2021-01-01,1.0802,7.4409,0.89903,10.4703,4.5597,10.0343,1.2271,1.0
2021-01-08,1.0827,7.4369,0.90128,10.2863,4.5113,10.051,1.225,1.0
2021-01-15,1.077,7.4393,0.88998,10.3135,4.5375,10.1305,1.2123,1.0
2021-01-22,1.0773,7.4404,0.89045,10.3308,4.5385,10.0815,1.2158,1.0
2021-01-29,1.0798,7.437,0.88383,10.343,4.5304,10.111,1.2136,1.0
2021-02-05,1.0825,7.4362,0.87538,10.3068,4.5023,10.1228,1.1983,1.0
2021-02-12,1.0803,7.4361,0.87753,10.285,4.4999,10.0818,1.2108,1.0
2021-02-19,1.0851,7.4368,0.86508,10.2095,4.483,10.033,1.2139,1.0
2021-02-26,1.0986,7.4361,0.87053,10.4012,4.5186,10.1388,1.2121,1.0
2021-03-05,1.1066,7.4363,0.863,10.211,4.5748,10.1863,1.1938,1.0
2021-03-12,1.1094,7.4366,0.85835,10.0863,4.5867,10.1388,1.1933,1.0
2021-03-19,1.1066,7.4364,0.85763,10.2018,4.62,10.1743,1.1891,1.0
2021-03-26,1.109,7.4361,0.85503,10.1258,4.6493,10.1905,1.1782,1.0
2021-04-02,1.1099,7.4379,0.85195,10.0408,4.6089,10.2753,1.1746,1.0
2021-04-09,1.101,7.4372,0.86658,10.113,4.5392,10.1725,1.1888,1.0
2021-04-16,1.1011,7.4368,0.86793,10.018,4.5509,10.1055,1.1986,1.0
2021-04-23,1.1038,7.4361,0.86905,10.043,4.5623,10.1405,1.2066,1.0
2021-04-30,1.0998,7.436,0.86863,9.9533,4.5635,10.164,1.2082,1.0
2021-05-07,1.0963,7.4361,0.8681,10.0125,4.5754,10.1263,1.2059,1.0
2021-05-14,1.0952,7.4362,0.86083,10.0074,4.5218,10.1265,1.2123,1.0
2021-05-21,1.0951,7.4362,0.8587,10.142,4.4892,10.122,1.2188,1.0
2021-05-28,1.096,7.4366,0.85765,10.179,4.4865,10.125,1.2142,1.0
2021-06-04,1.0951,7.4368,0.8569,10.156,4.4703,10.105,1.2117,1.0
2021-06-11,1.0883,7.4361,0.8571,10.0828,4.4695,10.0643,1.2125,1.0
2021-06-18,1.0941,7.4364,0.85785,10.2868,4.5492,10.233,1.1898,1.0
2021-06-25,1.0956,7.4363,0.8595,10.136,4.5132,10.1103,1.195,1.0
2021-07-02,1.0945,7.436,0.86003,10.2375,4.5264,10.1583,1.1823,1.0
2021-07-09,1.0852,7.4367,0.85758,10.3355,4.5497,10.1853,1.1858,1.0
2021-07-16,1.0853,7.4381,0.85298,10.3878,4.5867,10.2428,1.1802,1.0
2021-07-23,1.0838,7.4382,0.85543,10.4065,4.5691,10.2105,1.1767,1.0
2021-07-30,1.0771,7.4379,0.8514,10.4405,4.5636,10.1868,1.1891,1.0
2021-08-06,1.0724,7.4371,0.8484,10.423,4.5563,10.1683,1.1807,1.0
2021-08-13,1.0829,7.437,0.85093,10.3753,4.574,10.1993,1.1765,1.0
2021-08-20,1.0711,7.4368,0.8575,10.6,4.5895,10.3263,1.1671,1.0
2021-08-27,1.0796,7.4363,0.85703,10.3575,4.5827,10.2345,1.1761,1.0
2021-09-03,1.0863,7.4361,0.8584,10.2738,4.5088,10.1708,1.1872,1.0
2021-09-10,1.0854,7.4362,0.8526,10.2028,4.5417,10.1843,1.1841,1.0
2021-09-17,1.0931,7.436,0.85363,10.1208,4.5804,10.1553,1.178,1.0
2021-09-24,1.083,7.4362,0.85703,10.089,4.6047,10.138,1.1719,1.0
2021-10-01,1.0791,7.4372,0.85653,10.0204,4.5826,10.1538,1.16,1.0
2021-10-08,1.0734,7.4413,0.8489,9.8855,4.6182,10.1138,1.1569,1.0
2021-10-15,1.0729,7.4402,0.84368,9.7625,4.5644,10.0288,1.1602,1.0
2021-10-22,1.0668,7.4405,0.8437,9.7075,4.5975,9.9748,1.163,1.0
2021-10-29,1.0611,7.4389,0.8449,9.7495,4.6215,9.9368,1.1645,1.0
2021-11-05,1.0559,7.4376,0.85545,9.8878,4.6037,9.9033,1.1519,1.0
2021-11-12,1.0568,7.437,0.85505,9.9508,4.6428,10.0085,1.1448,1.0
2021-11-19,1.0462,7.4366,0.83928,10.0483,4.6818,10.096,1.1271,1.0
2021-11-26,1.0446,7.4365,0.8462,10.1613,4.7117,10.26,1.1291,1.0
2021-12-03,1.0387,7.4362,0.85048,10.2875,4.5923,10.3185,1.1291,1.0
2021-12-10,1.0424,7.4362,0.85355,10.1335,4.6123,10.2463,1.1273,1.0
2021-12-17,1.0409,7.4364,0.85208,10.1783,4.6336,10.2753,1.133,1.0
2021-12-24,1.0402,7.436,0.84389,10.0043,4.619,10.33,1.1317,1.0
2021-12-31,1.0331,7.4364,0.84028,9.9888,4.5969,10.2503,1.1326,1.0
2022-01-07,1.0422,7.438,0.8343,10.0288,4.5496,10.2839,1.1298,1.0
2022-01-14,1.0429,7.4414,0.83508,9.9863,4.5414,10.2684,1.1447,1.0
2022-01-21,1.0353,7.4431,0.83633,10.0523,4.5318,10.414,1.1348,1.0
2022-01-28,1.0378,7.4432,0.83178,10.026,4.5755,10.552,1.1138,1.0
2022-02-04,1.0567,7.4432,0.84593,10.0483,4.5474,10.4465,1.1464,1.0
2022-02-11,1.0557,7.44,0.83958,10.0732,4.5204,10.553,1.1417,1.0
2022-02-18,1.0452,7.4382,0.83425,10.1465,4.5201,10.5796,1.1354,1.0
2022-02-25,1.0398,7.4418,0.8374,9.9756,4.6369,10.5848,1.1216,1.0
2022-03-04,1.0056,7.4394,0.82388,9.8358,4.853,10.7935,1.0929,1.0
2022-03-11,1.023,7.4402,0.8397,9.8033,4.782,10.646,1.099,1.0
2022-03-18,1.0314,7.4423,0.83925,9.694,4.7135,10.4303,1.1008,1.0
2022-03-25,1.0207,7.4404,0.8338,9.5205,4.7307,10.3505,1.1002,1.0
2022-04-01,1.0217,7.4388,0.84145,9.6628,4.6401,10.332,1.1052,1.0
2022-04-08,1.0155,7.4372,0.83355,9.508,4.6437,10.2768,1.0861,1.0
2022-04-15,1.0189,7.4389,0.82908,9.5313,4.6478,10.3008,1.0878,1.0
2022-04-22,1.0336,7.4402,0.83925,9.6255,4.6336,10.278,1.0817,1.0
2022-04-29,1.0229,7.4415,0.83908,9.7525,4.678,10.2958,1.054,1.0
2022-05-06,1.0419,7.44,0.85625,9.9808,4.7028,10.4686,1.057,1.0
2022-05-13,1.0385,7.4412,0.85115,10.2043,4.6883,10.4905,1.0385,1.0
2022-05-20,1.028,7.4424,0.8482,10.262,4.6365,10.4915,1.0577,1.0
2022-05-27,1.0258,7.4392,0.84875,10.179,4.5858,10.5293,1.0722,1.0
2022-06-03,1.0296,7.4388,0.8542,10.103,4.5955,10.4589,1.073,1.0
2022-06-10,1.0404,7.4389,0.85048,10.1495,4.6053,10.5255,1.0578,1.0
2022-06-17,1.0105,7.4384,0.855,10.4525,4.7003,10.6748,1.0486,1.0
2022-06-24,1.0072,7.4398,0.85773,10.4345,4.7023,10.694,1.0524,1.0
2022-07-01,1.0027,7.4391,0.86648,10.3651,4.7168,10.7783,1.0425,1.0
2022-07-08,0.9913,7.4424,0.84585,10.263,4.763,10.6665,1.0163,1.0
2022-07-15,0.9849,7.443,0.84988,10.2763,4.7953,10.5943,1.0059,1.0
2022-07-22,0.9832,7.4443,0.85141,10.1498,4.7508,10.4328,1.019,1.0
2022-07-29,0.9744,7.4438,0.8399,9.8773,4.7375,10.3875,1.0198,1.0
2022-08-05,0.9776,7.4415,0.84268,9.982,4.7085,10.3573,1.0233,1.0
2022-08-12,0.9689,7.4395,0.84715,9.813,4.6773,10.4515,1.0285,1.0
2022-08-19,0.9616,7.4373,0.84938,9.8418,4.751,10.6095,1.0054,1.0
2022-08-26,0.9642,7.4379,0.8459,9.667,4.7485,10.5703,1.0007,1.0
2022-09-02,0.9839,7.437,0.86478,10.0035,4.7063,10.7498,0.9993,1.0
2022-09-09,0.9657,7.4365,0.8686,9.9836,4.721,10.6643,1.0049,1.0
2022-09-16,0.9579,7.4366,0.874,10.1985,4.7143,10.7541,0.9954,1.0
2022-09-23,0.9565,7.4365,0.88201,10.2335,4.7543,10.9328,0.9754,1.0
2022-09-30,0.9561,7.4365,0.883,10.5838,4.8483,10.8993,0.9748,1.0
2022-10-07,0.97,7.4381,0.87383,10.4498,4.8595,10.8555,0.9797,1.0
2022-10-14,0.9757,7.4378,0.86823,10.3323,4.8328,11.0035,0.9717,1.0
2022-10-21,0.9855,7.4382,0.87728,10.4315,4.7885,11.0868,0.973,1.0
2022-10-28,0.992,7.4423,0.8612,10.2695,4.7275,10.9403,0.9951,1.0
2022-11-04,0.9863,7.4419,0.87478,10.2019,4.6825,10.8538,0.9872,1.0
2022-11-11,0.9844,7.4384,0.87538,10.2635,4.6765,10.7241,1.0308,1.0
2022-11-18,0.9881,7.4385,0.87063,10.486,4.7033,10.9805,1.0366,1.0
2022-11-25,0.9836,7.4365,0.85885,10.2985,4.6875,10.8183,1.0375,1.0
2022-12-02,0.9834,7.4373,0.85855,10.2615,4.684,10.902,1.0538,1.0
2022-12-09,0.9856,7.4379,0.8595,10.5345,4.6869,10.9188,1.0559,1.0
2022-12-16,0.9879,7.4379,0.87233,10.4833,4.6925,11.0153,1.0619,1.0
2022-12-23,0.9867,7.4364,0.8803,10.4448,4.6423,11.1045,1.0622,1.0
2022-12-30,0.9847,7.4365,0.88693,10.5138,4.6808,11.1218,1.0666,1.0
2023-01-06,0.9864,7.437,0.88475,10.807,4.695,11.258,1.05,1.0
2023-01-13,1.0051,7.4387,0.888,10.6945,4.6888,11.2528,1.0814,1.0
2023-01-20,0.9962,7.4391,0.876,10.7135,4.71,11.1655,1.0826,1.0
2023-01-27,1.0017,7.4378,0.87885,10.76,4.7085,11.2108,1.0865,1.0
2023-02-03,0.9989,7.4443,0.8925,10.9783,4.692,11.3323,1.0937,1.0
2023-02-10,0.9872,7.4445,0.88348,10.871,4.781,11.163,1.069,1.0
2023-02-17,0.9896,7.4464,0.88888,11.015,4.7773,11.1983,1.0625,1.0
2023-02-24,0.9898,7.4438,0.88245,10.937,4.7205,11.003,1.057,1.0
2023-03-03,0.9958,7.4412,0.8853,11.061,4.708,11.143,1.0615,1.0
2023-03-10,0.9824,7.4425,0.88258,11.29,4.6815,11.3915,1.0586,1.0
2023-03-17,0.9858,7.445,0.87488,11.4218,4.7045,11.1995,1.0623,1.0
2023-03-24,0.9874,7.4519,0.8794,11.3065,4.6865,11.208,1.0745,1.0
2023-03-31,0.9968,7.4485,0.8792,11.394,4.67,11.2805,1.0875,1.0
2023-04-07,0.9878,7.451,0.87495,11.3855,4.6863,11.3875,1.0915,1.0
2023-04-14,0.9827,7.451,0.8844,11.402,4.6435,11.3455,1.1057,1.0
2023-04-21,0.9795,7.4527,0.8857,11.6505,4.6108,11.3315,1.0978,1.0
2023-04-28,0.9839,7.4538,0.8805,11.791,4.5815,11.3515,1.0981,1.0
2023-05-05,0.9828,7.4499,0.87378,11.6895,4.577,11.2365,1.1014,1.0
2023-05-12,0.9744,7.4484,0.8702,11.631,4.5343,11.2425,1.0892,1.0
2023-05-19,0.9738,7.4481,0.8684,11.701,4.5205,11.3695,1.0808,1.0
2023-05-26,0.9707,7.4489,0.86813,11.8218,4.5354,11.528,1.0751,1.0
2023-06-02,0.9758,7.4488,0.8593,11.845,4.4975,11.5505,1.0763,1.0
2023-06-09,0.9716,7.4505,0.85795,11.612,4.4605,11.673,1.078,1.0
2023-06-16,0.977,7.4505,0.85428,11.517,4.4728,11.5925,1.0966,1.0
2023-06-23,0.9773,7.4485,0.85479,11.8565,4.4238,11.675,1.0884,1.0
2023-06-30,0.9788,7.4474,0.85828,11.704,4.4388,11.8055,1.0866,1.0
2023-07-07,0.9754,7.4515,0.85298,11.7085,4.4838,11.9075,1.0888,1.0
2023-07-14,0.9649,7.4484,0.8559,11.2105,4.449,11.493,1.1221,1.0
2023-07-21,0.963,7.4508,0.86706,11.1775,4.4583,11.5517,1.1123,1.0
2023-07-28,0.9554,7.4527,0.8556,11.168,4.4113,11.5545,1.101,1.0
2023-08-04,0.9598,7.4514,0.86193,11.1858,4.4485,11.7,1.0946,1.0
2023-08-11,0.9617,7.451,0.86415,11.4225,4.4368,11.8075,1.1004,1.0
2023-08-18,0.9571,7.4514,0.85493,11.58,4.4698,11.9383,1.0867,1.0
2023-08-25,0.9564,7.4537,0.85643,11.518,4.469,11.895,1.0808,1.0
2023-09-01,0.9574,7.4528,0.85538,11.486,4.4685,11.896,1.0844,1.0
2023-09-08,0.9543,7.4591,0.85735,11.422,4.6213,11.904,1.0704,1.0
2023-09-15,0.9554,7.4573,0.85878,11.422,4.6308,11.873,1.0658,1.0
2023-09-22,0.965,7.4557,0.86795,11.427,4.5925,11.879,1.0647,1.0
2023-09-29,0.9669,7.4571,0.86458,11.2535,4.6283,11.5325,1.0594,1.0
2023-10-06,0.9629,7.4575,0.8651,11.609,4.5983,11.6045,1.0563,1.0
2023-10-13,0.9546,7.4582,0.86415,11.516,4.535,11.55,1.0524,1.0
2023-10-20,0.9442,7.462,0.87213,11.6808,4.4653,11.634,1.0591,1.0
2023-10-27,0.9502,7.4639,0.87023,11.8285,4.4715,11.8235,1.0541,1.0
2023-11-03,0.9625,7.4625,0.86983,11.8535,4.45,11.74,1.0702,1.0
2023-11-10,0.9636,7.4577,0.87435,11.8725,4.4243,11.629,1.0683,1.0
2023-11-17,0.9643,7.4582,0.87395,11.811,4.377,11.481,1.0872,1.0
2023-11-24,0.964,7.4559,0.86818,11.7345,4.3638,11.439,1.0916,1.0
2023-12-01,0.953,7.4543,0.86045,11.698,4.343,11.3715,1.0875,1.0
2023-12-08,0.9438,7.4558,0.8569,11.727,4.3318,11.238,1.0777,1.0
2023-12-15,0.9488,7.4556,0.85833,11.4495,4.309,11.2125,1.0946,1.0
2023-12-22,0.9417,7.456,0.8666,11.2705,4.342,11.0556,1.1023,1.0
2023-12-29,0.926,7.4529,0.86905,11.2405,4.3395,11.096,1.105,1.0
2024-01-05,0.932,7.4584,0.8621,11.309,4.3568,11.235,1.0921,1.0
2024-01-12,0.935,7.4565,0.8595,11.2765,4.3628,11.26,1.0942,1.0
2024-01-19,0.9459,7.4575,0.85825,11.41,4.3618,11.38,1.0887,1.0
2024-01-26,0.9396,7.4549,0.85368,11.3325,4.3775,11.3203,1.0871,1.0
2024-02-02,0.9315,7.454,0.85263,11.387,4.3175,11.268,1.0883,1.0
2024-02-09,0.9432,7.4536,0.8544,11.399,4.3206,11.2815,1.0772,1.0
2024-02-16,0.9491,7.4546,0.85605,11.3555,4.34,11.2655,1.0768,1.0
2024-02-23,0.9522,7.4544,0.8534,11.389,4.3118,11.1545,1.0834,1.0
2024-03-01,0.9582,7.4543,0.85588,11.443,4.318,11.1948,1.0813,1.0
2024-03-08,0.9588,7.4547,0.85168,11.3395,4.3065,11.164,1.0932,1.0
2024-03-15,0.9613,7.4571,0.8541,11.5205,4.2953,11.2674,1.0892,1.0
2024-03-22,0.9729,7.4581,0.85795,11.617,4.317,11.4025,1.0823,1.0
2024-03-29,0.9766,7.458,0.8551,11.699,4.3123,11.525,1.0811,1.0
2024-04-05,0.9793,7.459,0.85773,11.6118,4.2835,11.526,1.0841,1.0
2024-04-12,0.9716,7.4603,0.85424,11.587,4.2603,11.5699,1.0652,1.0
2024-04-19,0.968,7.4622,0.8562,11.765,4.33,11.664,1.0653,1.0
2024-04-26,0.9779,7.4573,0.85643,11.7995,4.3205,11.7052,1.0714,1.0
2024-05-03,0.9744,7.4583,0.85573,11.708,4.329,11.6398,1.0744,1.0
2024-05-10,0.9779,7.4607,0.86055,11.6735,4.2968,11.6865,1.0779,1.0
2024-05-17,0.9855,7.4615,0.85685,11.633,4.265,11.655,1.0844,1.0
2024-05-24,0.9924,7.4612,0.85241,11.4953,4.2553,11.599,1.084,1.0
2024-05-31,0.9818,7.4588,0.85365,11.383,4.2645,11.421,1.0852,1.0
2024-06-07,0.9696,7.4613,0.8512,11.4865,4.288,11.3075,1.0898,1.0
2024-06-14,0.9534,7.4605,0.84205,11.4025,4.3733,11.2731,1.0686,1.0
2024-06-21,0.9537,7.458,0.84531,11.2685,4.322,11.2445,1.0688,1.0
2024-06-28,0.9634,7.4575,0.84638,11.3965,4.309,11.3595,1.0705,1.0
2024-07-05,0.973,7.4593,0.84613,11.448,4.2798,11.3605,1.0824,1.0
2024-07-12,0.9747,7.461,0.84029,11.7025,4.2548,11.4965,1.089,1.0
2024-07-19,0.9688,7.461,0.8428,11.8255,4.2853,11.61,1.089,1.0
2024-07-26,0.9594,7.4626,0.84378,11.937,4.274,11.7325,1.086,1.0
2024-08-02,0.9433,7.4621,0.85,11.929,4.289,11.5843,1.0835,1.0
2024-08-09,0.9435,7.4622,0.85708,11.8295,4.3253,11.4955,1.0917,1.0
2024-08-16,0.954,7.4616,0.85128,11.8185,4.2703,11.5435,1.0994,1.0
2024-08-23,0.9476,7.4615,0.84733,11.802,4.2775,11.4355,1.1121,1.0
2024-08-30,0.9416,7.4589,0.8412,11.662,4.2763,11.3355,1.1087,1.0
2024-09-06,0.9365,7.462,0.84293,11.8015,4.28,11.3698,1.1103,1.0
2024-09-13,0.9387,7.4627,0.84475,11.8495,4.2898,11.3635,1.1081,1.0
2024-09-20,0.9486,7.459,0.8391,11.733,4.2763,11.381,1.1166,1.0
2024-09-27,0.942,7.457,0.83338,11.7575,4.2738,11.273,1.1158,1.0
2024-10-04,0.9394,7.4579,0.83735,11.6845,4.3145,11.3375,1.1029,1.0
2024-10-11,0.9378,7.461,0.83705,11.7393,4.2898,11.354,1.0938,1.0
2024-10-18,0.9401,7.4576,0.83165,11.8115,4.3085,11.4205,1.0847,1.0
2024-10-25,0.9382,7.4609,0.83358,11.8195,4.3478,11.4475,1.0825,1.0
2024-11-01,0.9427,7.4562,0.83998,11.96,4.3543,11.6115,1.0885,1.0
2024-11-08,0.9393,7.4573,0.83188,11.7735,4.3255,11.59,1.0772,1.0
2024-11-15,0.9389,7.459,0.83455,11.699,4.32,11.5905,1.0583,1.0
2024-11-22,0.9272,7.4577,0.83205,11.568,4.3373,11.553,1.0412,1.0
2024-11-29,0.9309,7.4579,0.83205,11.6805,4.296,11.518,1.0562,1.0
2024-12-06,0.9284,7.4584,0.82855,11.7445,4.267,11.523,1.0581,1.0
2024-12-13,0.9385,7.457,0.83043,11.6758,4.2643,11.515,1.0518,1.0
2024-12-20,0.9297,7.4614,0.82965,11.8685,4.2623,11.476,1.039,1.0
2024-12-27,0.9396,7.4602,0.83098,11.8435,4.2753,11.4795,1.0435,1.0
2025-01-03,0.9362,7.4599,0.82993,11.713,4.2725,11.4395,1.0299,1.0
2025-01-10,0.9416,7.4606,0.83693,11.757,4.266,11.497,1.0304,1.0
2025-01-17,0.9394,7.4608,0.84453,11.759,4.2585,11.506,1.0298,1.0
2025-01-24,0.9494,7.4614,0.84413,11.7495,4.2138,11.459,1.0472,1.0
2025-01-31,0.9449,7.4618,0.83608,11.7373,4.213,11.474,1.0393,1.0
2025-02-07,0.9418,7.46,0.83353,11.625,4.1985,11.2865,1.0377,1.0
2025-02-14,0.9442,7.459,0.83215,11.6515,4.1653,11.2445,1.0478,1.0
2025-02-21,0.942,7.4588,0.8276,11.629,4.1683,11.1425,1.0465,1.0
2025-02-28,0.9394,7.4583,0.82608,11.7245,4.1503,11.188,1.0411,1.0
2025-03-07,0.9557,7.4589,0.84088,11.759,4.1788,10.9715,1.0857,1.0
2025-03-14,0.9641,7.4601,0.84183,11.62,4.1723,11.0538,1.0889,1.0
2025-03-21,0.9547,7.4596,0.83765,11.401,4.2023,10.933,1.0827,1.0
2025-03-28,0.9525,7.4616,0.83358,11.294,4.1775,10.82,1.0797,1.0
2025-04-04,0.9407,7.4618,0.84985,11.6815,4.2625,10.974,1.1057,1.0
2025-04-11,0.9252,7.4675,0.86678,12.1005,4.2953,11.1198,1.1346,1.0
2025-04-18,0.9291,7.4672,0.85873,11.9655,4.2743,11.0278,1.136,1.0
2025-04-25,0.9421,7.4656,0.8531,11.8415,4.2683,11.0015,1.1357,1.0
2025-05-02,0.9343,7.4619,0.8533,11.7585,4.275,10.9375,1.1343,1.0
2025-05-09,0.9353,7.4604,0.8477,11.6725,4.2393,10.92,1.1252,1.0
2025-05-16,0.9381,7.4602,0.8427,11.635,4.26,10.9327,1.1194,1.0
2025-05-23,0.9299,7.4594,0.8382,11.522,4.2603,10.8348,1.1301,1.0
2025-05-30,0.9341,7.4587,0.8412,11.5408,4.2498,10.8735,1.1339,1.0
2025-06-06,0.9383,7.4595,0.8426,11.524,4.287,10.959,1.1411,1.0
2025-06-13,0.9359,7.4586,0.8505,11.4435,4.2745,10.9635,1.1512,1.0
2025-06-20,0.9415,7.4597,0.8537,11.598,4.2656,11.125,1.1515,1.0
2025-06-27,0.9359,7.4613,0.8529,11.792,4.2378,11.1183,1.1704,1.0
2025-07-04,0.9346,7.4617,0.8625,11.847,4.2458,11.2505,1.1767,1.0
2025-07-11,0.931,7.4615,0.8657,11.8305,4.2575,11.148,1.1683,1.0
2025-07-18,0.9324,7.4636,0.8656,11.8335,4.2493,11.2505,1.165,1.0
2025-07-25,0.9343,7.4644,0.8715,11.8995,4.2543,11.1665,1.1724,1.0
2025-08-01,0.9312,7.4629,0.8665,11.8128,4.2755,11.1965,1.1404,1.0
2025-08-08,0.941,7.4633,0.8671,11.954,4.251,11.178,1.1648,1.0
2025-08-15,0.9418,7.4636,0.8622,11.896,4.2588,11.1775,1.1688,1.0
2025-08-22,0.9383,7.4646,0.8653,11.8325,4.2628,11.1775,1.1608,1.0
2025-08-29,0.9364,7.4642,0.8668,11.7465,4.2665,11.055,1.1658,1.0
2025-09-05,0.939,7.4648,0.8678,11.7505,4.2505,11.001,1.1697,1.0
2025-09-12,0.9347,7.4644,0.8653,11.5845,4.2575,10.9485,1.1718,1.0
2025-09-19,0.9344,7.4635,0.8708,11.6705,4.263,11.0705,1.1736,1.0
2025-09-26,0.9332,7.4638,0.874,11.7105,4.2705,11.037,1.1672,1.0
2025-10-03,0.9343,7.4667,0.8726,11.6745,4.2555,11.003,1.1734,1.0
2025-10-10,0.9324,7.4672,0.8709,11.6775,4.2576,11.008,1.1568,1.0
2025-10-17,0.9257,7.469,0.8695,11.7293,4.245,11.03,1.1681,1.0
2025-10-24,0.9248,7.4698,0.8726,11.6185,4.2408,10.904,1.1612,1.0
2025-10-31,0.9287,7.4677,0.8816,11.6485,4.256,10.925,1.1554,1.0
2025-11-07,0.9312,7.4667,0.8811,11.78,4.248,11.046,1.1561,1.0
2025-11-14,0.9185,7.4679,0.8846,11.7285,4.2328,10.9835,1.1648,1.0
2025-11-21,0.9289,7.4687,0.8803,11.794,4.2448,11.026,1.152,1.0
2025-11-28,0.9318,7.4688,0.8752,11.7645,4.239,10.9695,1.1566,1.0
2025-12-05,0.9365,7.4689,0.8727,11.755,4.2323,10.959,1.1645,1.0
2025-12-12,0.9333,7.4698,0.8767,11.856,4.2225,10.8865,1.1731,1.0
2025-12-19,0.9318,7.4712,0.876,11.915,4.2105,10.904,1.1712,1.0
2025-12-26,0.9284,7.4694,0.8729,11.804,4.2135,10.8055,1.1787,1.0
2026-01-02,0.9296,7.4694,0.8719,11.7985,4.2123,10.8085,1.1721,1.0
2026-01-09,0.9314,7.4724,0.8677,11.7765,4.2138,10.748,1.1642,1.0
2026-01-16,0.9313,7.4712,0.867,11.7203,4.2248,10.719,1.1617,1.0
2026-01-23,0.9277,7.4686,0.8681,11.542,4.2035,10.5705,1.1742,1.0
2026-01-30,0.9157,7.4674,0.8662,11.3885,4.2073,10.5205,1.1919,1.0
2026-02-06,0.9175,7.4672,0.8679,11.4695,4.2185,10.6735,1.1794,1.0
2026-02-13,0.9121,7.4709,0.8716,11.326,4.215,10.6254,1.1862,1.0
2026-02-20,0.9132,7.4716,0.8728,11.254,4.2238,10.6745,1.1767,1.0
2026-02-27,0.9104,7.4718,0.8763,11.2085,4.2243,10.6643,1.1805,1.0
2026-03-06,0.9045,7.4708,0.86693,11.1725,4.2875,10.693,1.1561,1.0
2026-03-13,0.9034,7.4726,0.86503,11.159,4.2675,10.7545,1.1476,1.0
2026-03-20,0.9096,7.4712,0.86438,11.029,4.2783,10.7825,1.1555,1.0
2026-03-27,0.9178,7.4721,0.8672,11.1885,4.2875,10.878,1.1517,1.0
2026-04-03,0.9213,7.4722,0.87253,11.2285,4.2855,10.948,1.1525,1.0
2026-04-10,0.9241,7.4727,0.87105,11.1165,4.2435,10.836,1.1711,1.0
2026-04-17,0.9231,7.4734,0.87168,11.017,4.2328,10.803,1.1797,1.0
2026-04-24,0.9199,7.473,0.86803,10.9525,4.2403,10.82,1.1712,1.0
2026-05-01,0.919,7.4716,0.86625,10.9123,4.2605,10.8555,1.1702,1.0
2026-05-08,0.9156,7.4726,0.8641,10.8215,4.2318,10.842,1.1761,1.0
2026-05-15,0.9144,7.4728,0.8705,10.845,4.2465,10.982,1.1628,1.0
2026-05-22,0.9119,7.4731,0.86418,10.7295,4.242,10.8695,1.1595,1.0
2026-05-29,0.9111,7.4731,0.86723,10.7735,4.2275,10.772,1.1644,1.0
2026-06-05,0.9175,7.4743,0.86433,10.8445,4.2338,10.8675,1.164,1.0
2026-06-12,0.9217,7.4744,0.86305,11.0255,4.248,10.928,1.1567,1.0
2026-06-19,0.9248,7.4746,0.86653,11.1045,4.2615,10.974,1.1467,1.0
2026-06-26,0.9218,7.4746,0.86253,11.3035,4.2868,11.0775,1.1401,1.0
2026-07-03,0.919,7.4746,0.8572,11.269,4.2848,11.0315,1.1448,1.0
2026-07-10,0.9223,7.4751,0.85155,11.1485,4.3475,11.0145,1.143,1.0
2026-07-17,0.9228,7.4756,0.85098,11.039,4.3473,11.0405,1.1435,1.0
2026-07-24,0.9302,7.4756,0.85388,10.888,4.3155,11.055,1.1377,1.0
2026-07-31,0.9304,7.4752,0.85573,10.942,4.3135,10.9855,1.1485,1.0
2026-08-07,0.9347,7.4756,0.85765,10.975,4.2983,10.9455,1.1535,1.0
2026-08-14,0.939,7.4757,0.8545,10.9325,4.3068,10.999,1.1567,1.0
2026-08-21,0.9353,7.4758,0.8567,10.8675,4.3078,11.0625,1.1699,1.0
2026-08-28,0.9364,7.4748,0.8572,10.8595,4.3365,11.0885,1.1643,1.0
2026-09-04,0.9405,7.4747,0.85898,10.8035,4.3148,11.1005,1.1622,1.0
2026-09-11,0.9451,7.4748,0.85815,10.7805,4.325,11.2373,1.1592,1.0
2026-09-18,0.9466,7.4753,0.8583,10.825,4.358,11.2715,1.1481,1.0
