ticker,mom_12_1,mom_6,date_prix
ASML.AS,95.45094373856573,21.13473056232385,2026-09-18
HSBA.L,48.72973038577408,26.62579531389879,2026-09-18
ROP.SW,42.23542534341773,15.025419359817182,2026-09-18
SHELL.AS,36.96246112743935,5.10287571461312,2026-09-18
NOVN.SW,33.79575769548771,-2.677821714010198,2026-09-18
AZN.L,4.978591107387986,-12.80245352556111,2026-09-18
SIE.DE,23.536576572389546,22.60430371999611,2026-09-18
SAP.DE,-19.129663730394707,16.979513072495077,2026-09-18
SAN.MC,49.66515786282779,34.504580030254296,2026-09-18
TTE.PA,56.109076778515465,6.8524275028247095,2026-09-18
ALV.DE,33.16232309864662,29.774971885839907,2026-09-18
SU.PA,28.82778000080868,15.635979351753493,2026-09-18
RR.L,36.15992643403057,17.06258263273672,2026-09-18
BBVA.MC,61.36681534999839,41.259939135266464,2026-09-18
UBSG.SW,35.564008655028246,46.1931927396636,2026-09-18
ABBN.SW,46.35188897660845,21.83595229459914,2026-09-18
IBE.MC,35.25154073432286,5.681644169025679,2026-09-18
UCG.MI,35.356890284305884,33.581386471613975,2026-09-18
SAF.PA,25.37480903184686,8.742502168335719,2026-09-18
ULVR.L,-5.886897173106886,-2.380409790254867,2026-09-18
NOVO-B.CO,-20.89811152613793,22.292408670075048,2026-09-18
AIR.PA,11.464096594170226,17.540593678122374,2026-09-18
ENR.DE,62.78409934780223,-6.06180200573313,2026-09-18
BATS.L,2.050280308991748,-4.081697936407746,2026-09-18
BNP.PA,48.60378461313655,21.05749876429519,2026-09-18
AI.PA,7.481535089049918,8.394515615687936,2026-09-18
ISP.MI,35.22731500297105,34.172785650034186,2026-09-18
MC.PA,-11.325568007542708,-11.611408351618325,2026-09-18
DTE.DE,1.935679197543827,-13.414594810849843,2026-09-18
ZURN.SW,11.806833390776038,15.166685581889736,2026-09-18
CFR.SW,24.45110206639272,27.294014008425947,2026-09-18
INGA.AS,49.8650604699957,47.38543467073904,2026-09-18
RIO.L,55.782647500392414,9.958357347509692,2026-09-18
SAN.PA,2.3237932352909274,3.870900282392276,2026-09-18
CS.PA,19.30095664360467,20.0915483938176,2026-09-18
BARC.L,30.988019436624903,19.584864003942904,2026-09-18
LLOY.L,34.59671491280438,15.148589533711544,2026-09-18
BA.L,14.123110606101209,-12.47982478661588,2026-09-18
IFX.DE,71.2348274975887,41.58118194721536,2026-09-18
ABI.BR,36.32415467493677,11.605661450064297,2026-09-18
ENEL.MI,28.739734264644067,-4.078975706200438,2026-09-18
NG.L,17.448181624238735,-12.733400727782406,2026-09-18
NWG.L,31.911654623283003,21.9653846854446,2026-09-18
DG.PA,5.800147741653161,-10.397280206975934,2026-09-18
INVE-B.ST,46.51497605062358,17.449743246051995,2026-09-18
DBK.DE,11.66588767738508,37.19457847587853,2026-09-18
GLEN.L,79.35935730349041,7.393728473769201,2026-09-18
NDA-FI.HE,37.929764755539374,21.3435279923788,2026-09-18
ITX.MC,28.223601025587385,1.9903662243672129,2026-09-18
REL.L,-28.229937047774044,-0.870220884368933,2026-09-18
DHL.DE,50.859101689178885,29.52627189777932,2026-09-18
ARGX.BR,40.68563480804031,45.51517265022531,2026-09-18
DB1.DE,23.1320937477141,12.697772431694233,2026-09-18
AAL.L,51.66813458901911,31.05783800623396,2026-09-18
G.MI,39.0954796201556,37.9596324675356,2026-09-18
ENI.MI,70.50618114636703,5.767745957627235,2026-09-18
STAN.L,54.19220560474969,42.58895665913784,2026-09-18
NOKIA.HE,125.37180853411353,30.40176011506525,2026-09-18
BAYN.DE,77.42163104354584,23.499834751854376,2026-09-18
CPG.L,-6.314850493940726,6.382387107402199,2026-09-18
RHM.DE,-36.132700774016335,-35.53138278637432,2026-09-18
VOLV-B.ST,28.18172901603848,12.229089876584531,2026-09-18
ENGI.PA,51.0341152343794,-9.374428613597807,2026-09-18
BAS.DE,23.77958091867707,12.27701726590067,2026-09-18
CABK.MC,57.91781584097713,31.01750193345685,2026-09-18
LSEG.L,-1.488160169686381,-5.2588307637791765,2026-09-18
EL.PA,-38.88030500926183,-29.66613530423473,2026-09-18
PRX.AS,-34.42852809575959,-17.48203275863457,2026-09-18
ATCO-A.ST,28.644181669246738,19.788420679725284,2026-09-18
SREN.SW,7.722984190738757,11.743494029459022,2026-09-18
RACE.MI,-11.62115604522418,25.725783937971023,2026-09-18
DGE.L,-6.985115098394445,13.330050875248478,2026-09-18
LONN.SW,5.13668975158319,14.79463309144442,2026-09-18
BN.PA,-7.778250328051128,-11.60017410875238,2026-09-18
HOLN.SW,4.106790590682086,8.070808533535502,2026-09-18
RWE.DE,68.07684854488159,6.267255385613235,2026-09-18
RKT.L,-15.65464683428851,-6.944296608013422,2026-09-18
ASM.AS,69.13596419904393,17.246845267217846,2026-09-18
PRY.MI,54.50179981209895,24.40866315554553,2026-09-18
LR.PA,-1.9307067890685148,-0.4075943988805064,2026-09-18
TSCO.L,2.986732584315255,-2.1176139832984053,2026-09-18
EBS.VI,44.69611469147048,29.20698033873548,2026-09-18
HLN.L,4.57834350818791,-12.048739547204868,2026-09-18
SAND.ST,40.910843752381545,6.149081826219427,2026-09-18
SGO.PA,-12.043388203540772,1.3389698589398868,2026-09-18
SSE.L,45.76326507630473,-8.02749873950772,2026-09-18
EQNR.OL,69.8946271627612,17.69073239111998,2026-09-18
DSV.CO,0.7711877316090243,-21.19876678214063,2026-09-18
REP.MC,97.9945938261272,22.666776235957208,2026-09-18
MBG.DE,-6.460357458870847,-8.931020139155699,2026-09-18
SWED-A.ST,51.791980861066975,30.37037080892724,2026-09-18
DANSKE.CO,52.30789395188551,25.920913740477246,2026-09-18
SEB-A.ST,30.43470787502336,31.43384438643706,2026-09-18
SIKA.SW,4.120091871402387,40.49569860307003,2026-09-18
ORA.PA,24.47852575286722,-10.564285824945909,2026-09-18
SDZ.SW,56.93310281143089,12.774595839019632,2026-09-18
GALD.SW,18.199016711982875,11.587852973162692,2026-09-18
ASSA-B.ST,6.790610459621083,3.342707311486892,2026-09-18
ALC.SW,-0.9262820143437932,-10.11640021893554,2026-09-18
VOD.L,41.6080913588948,16.141435427535743,2026-09-18
EXPN.L,-25.465585335353914,1.8438385921795584,2026-09-18
PRU.L,-0.3722483272504351,-8.677061565298006,2026-09-18
KBC.BR,36.59034447951874,27.418945967247875,2026-09-18
ADYEN.AS,-24.440941222337543,1.179642769126921,2026-09-18
AD.AS,-2.450225646230375,-21.165596747148207,2026-09-18
MT.AS,111.71754478474818,43.71054259222327,2026-09-18
STMMI.MI,89.68034448015754,50.64410764055756,2026-09-18
VWS.CO,75.89061502335448,33.07039629414099,2026-09-18
SLHN.SW,18.02252131985409,14.760840334384984,2026-09-18
ABN.AS,66.74561182941994,66.52231103214473,2026-09-18
GIVN.SW,-2.127663433261484,20.993190330484147,2026-09-18
BMPS.MI,63.680366858295656,81.12506900852455,2026-09-18
ADS.DE,-13.070484593584874,5.4558230116597,2026-09-18
UCB.BR,7.455247268265275,-16.926807139639344,2026-09-18
ERIC-B.ST,31.815554254761167,-6.075266506007471,2026-09-18
AV.L,9.751311994274923,10.277088467836837,2026-09-18
DNB.OL,25.40780622300225,13.571545490749394,2026-09-18
AMS.MC,-14.013075280103717,13.582372915254282,2026-09-18
A5G.IR,54.24794638950146,35.772359348678016,2026-09-18
PKO.WA,66.19286819715633,43.12694424830914,2026-09-18
FER.MC,13.713738883109784,-14.170069277191388,2026-09-18
SAMPO.HE,4.7045357672426125,2.790062580044061,2026-09-18
HO.PA,7.119190556666499,-4.477264394348202,2026-09-18
PUB.PA,29.9032527932513,41.21807426871899,2026-09-18
DTG.DE,23.564429417530807,9.87331839141956,2026-09-18
ML.PA,14.696497580067655,17.04231428448071,2026-09-18
EQT.ST,-0.958367185484532,7.7558158534619,2026-09-18
IMB.L,-16.106813157020095,-20.026391290874013,2026-09-18
BPE.MI,62.45859176252273,35.15427073400168,2026-09-18
VIE.PA,23.666043593382604,2.3474535854803635,2026-09-18
SHB-A.ST,41.862674355368014,25.075088100562294,2026-09-18
PKN.WA,98.00317312208632,19.527396634587024,2026-09-18
ACA.PA,29.063200813963896,18.843743025517057,2026-09-18
HEIA.AS,10.92685602462624,3.762785533083668,2026-09-18
NSIS-B.CO,5.1126186192131495,22.7526582023019,2026-09-18
GEBN.SW,-7.718158858011193,1.357452890353006,2026-09-18
IHG.L,37.35329808935835,16.376831906160216,2026-09-18
KNEBV.HE,-9.5723193933704,-11.322085654840585,2026-09-18
LDO.MI,19.9926480663726,-20.256696710207088,2026-09-18
LGEN.L,26.502367245241064,18.924393171659283,2026-09-18
NXT.L,29.517268656853734,13.707770031980004,2026-09-18
ACS.MC,59.23949006590527,-11.658801319029388,2026-09-18
CBK.DE,25.00781481030201,30.631956495397183,2026-09-18
FRE.DE,2.149008603372482,2.916854230682153,2026-09-18
GMAB.CO,18.43512524627076,34.9404761904762,2026-09-18
MTX.DE,4.851844965085861,4.110578839663015,2026-09-18
HEI.DE,-21.63580073896136,-13.934264207621805,2026-09-18
BIRG.IR,51.17880779806454,31.289559500993324,2026-09-18
SCMN.SW,14.627038272291436,-4.941025936049181,2026-09-18
SAB.MC,35.25534779502184,42.00126906596544,2026-09-18
RYA.IR,1.2424606270075025,-9.911273061036052,2026-09-18
AENA.MC,17.68563357287103,3.0098881195092853,2026-09-18
CAP.PA,-12.828439198072704,5.151954965806693,2026-09-18
BAMI.MI,41.54277238924533,40.15221996775473,2026-09-18
HEXA-B.ST,-16.343495879824044,-2.89969648914542,2026-09-18
HBAN.SW,14.895612648587075,14.398231589878874,2026-09-18
SAAB-B.ST,35.81126844443625,-11.934075038217218,2026-09-18
PHIA.AS,2.028858645228837,-7.010714138880891,2026-09-18
MRK.DE,29.820830974893163,22.85432087940617,2026-09-18
SGSN.SW,18.141896500006283,10.14842009718162,2026-09-18
VACN.SW,82.32666629354864,17.75906925436641,2026-09-18
KER.PA,-3.403633775339643,-0.8900428685957862,2026-09-18
UMG.AS,-38.05971333921303,-11.05699769228975,2026-09-18
ANTO.L,55.662217115258514,7.513190687098281,2026-09-18
VOW3.DE,-20.100172730320665,-3.703481778738216,2026-09-18
KPN.AS,3.664925091367112,-11.111572485408573,2026-09-18
WKL.AS,-38.36329475853948,11.586786990144104,2026-09-18
BAER.SW,42.294090453142985,29.87068122986607,2026-09-18
DSFIR.AS,21.176403076348823,60.984655831905535,2026-09-18
DSY.PA,-21.656315714094955,16.518193568079397,2026-09-18
HLMA.L,5.566133868622036,-8.394730291399743,2026-09-18
HNR1.DE,9.754703950733568,-0.4572410505862656,2026-09-18
PGHN.SW,-32.0365164261958,-20.19651692228621,2026-09-18
KRX.IR,48.39206229030899,36.26857948874533,2026-09-18
EPI-A.ST,23.82705378805099,8.627324438638695,2026-09-18
SHL.DE,-14.605754835631258,1.5299441661545732,2026-09-18
NESTE.HE,89.44632687972087,18.6326859571609,2026-09-18
EDP.LS,27.79639229362967,15.961623477617517,2026-09-18
FBK.MI,32.18563746100336,24.613140516151887,2026-09-18
ALFA.ST,29.01444575136507,5.87068264788384,2026-09-18
ELE.MC,64.53906113504306,25.11247592767656,2026-09-18
SGRO.L,48.6807486149486,25.37946431299536,2026-09-18
BG.VI,65.57672123368175,45.783736075589786,2026-09-18
UPM.HE,5.382712541730106,4.383443151463151,2026-09-18
INF.L,-4.173328903140893,16.09900085375915,2026-09-18
VNA.DE,-19.331135075619933,-22.795284642662683,2026-09-18
KRZ.IR,6.928520433937546,28.502427334475165,2026-09-18
BESI.AS,79.24795883584359,-2.7692445698098034,2026-09-18
TRN.MI,22.52803892228701,-3.487298060277156,2026-09-18
ESSITY-B.ST,14.957166502393138,5.76399619645418,2026-09-18
BOL.ST,57.38115068084832,-9.549774554997626,2026-09-18
TIT.MI,72.97114705138125,25.92058928096604,2026-09-18
KOG.OL,9.326303638954702,-22.4361009306537,2026-09-18
SOON.SW,4.337879845829562,30.17528739101827,2026-09-18
LOGN.SW,-7.256322723978381,20.551030182760144,2026-09-18
CLNX.MC,-6.446970538601904,-12.676659545877843,2026-09-18
KNIN.SW,28.973756308122823,28.18815633806637,2026-09-18
ENX.PA,21.21544980763921,15.2230985300144,2026-09-18
STMN.SW,10.589397040290272,19.30563674261634,2026-09-18
SY1.DE,12.104632787174465,25.82918975953701,2026-09-18
EN.PA,30.791538444837528,-9.471933249220363,2026-09-18
PST.MI,43.5805502567961,28.62301469387416,2026-09-18
AGS.BR,34.45237898214557,28.87666835119582,2026-09-18
IAG.L,10.727951014026836,18.937937668327407,2026-09-18
UU.L,24.44770244754979,3.010660772687035,2026-09-18
RI.PA,-18.46021416526615,-7.235569062868574,2026-09-18
METSO.HE,34.88854245826381,17.48711886973078,2026-09-18
ADM.L,17.462239935510905,16.435682597884373,2026-09-18
HEN3.DE,7.823388175874713,10.648739272894447,2026-09-18
CCH.L,27.37478900174053,-1.5859268856224462,2026-09-18
SCHP.SW,-13.763324450107772,-3.618026634738658,2026-09-18
UNI.MI,75.89549234381889,47.8246614904605,2026-09-18
SRG.MI,20.711862071857045,-11.047734294878577,2026-09-18
DPLM.L,30.96637699073017,23.800865777319345,2026-09-18
SGE.L,-3.7354607105058335,22.2642795965496,2026-09-18
ITRK.L,25.453311186054627,59.84047251434439,2026-09-18
KGH.WA,149.86313361113898,26.99600085356301,2026-09-18
BCP.LS,58.23671691612893,51.7315771536772,2026-09-18
ASRNL.AS,27.02529527475865,32.12907237726432,2026-09-18
CA.PA,40.74861494429629,13.70802446692656,2026-09-18
AKRBP.OL,51.84482240059643,6.473481540205683,2026-09-18
SPSN.SW,18.90058154838048,-7.575305852910996,2026-09-18
FORTUM.HE,35.12094044854055,12.567228325729673,2026-09-18
NTGY.MC,23.096346141078648,18.40872331804921,2026-09-18
CARL-B.CO,24.549534697435327,-0.4252274615819562,2026-09-18
OMV.VI,58.28091739109254,25.586173184245563,2026-09-18
BKT.MC,32.90203823046192,27.64712751935072,2026-09-18
SN.L,-18.74500318643859,-17.44695479936855,2026-09-18
EVO.ST,-3.532605786609444,52.3973774041278,2026-09-18
NHY.OL,38.80798004049986,-0.9256545069788902,2026-09-18
FGR.PA,11.41441942461572,-17.550072587293553,2026-09-18
URW.PA,20.94811685931419,0.3533152952145846,2026-09-18
BVI.PA,10.021003973879928,4.657616954828314,2026-09-18
ALE.WA,29.32320792091772,87.28625197976055,2026-09-18
TELIA.ST,27.20211706206921,-0.680430647821384,2026-09-18
AGN.AS,28.345618703241104,36.13754588575504,2026-09-18
SMIN.L,10.563718385202936,5.815785423968767,2026-09-18
BNZL.L,13.259793191276948,15.021126995951306,2026-09-18
AKZA.AS,2.1239765806368105,13.51054499106008,2026-09-18
MONC.MI,-4.341820934708107,-15.17504879954883,2026-09-18
G1A.DE,7.043168384418208,4.330259961944849,2026-09-18
RTO.L,-5.988631227624586,-32.91906695031216,2026-09-18
SOBI.ST,68.57764724758802,20.54575195788475,2026-09-18
AC.PA,13.689199697319632,12.341652214966505,2026-09-18
IMI.L,33.321082068427586,13.49008381126293,2026-09-18
BEZ.L,54.5048289752502,1.0257402748209854,2026-09-18
ORNBV.HE,22.530042675857075,17.619714548314747,2026-09-18
SDLF.L,39.54687403318788,35.05885708609111,2026-09-18
LISP.SW,-23.97174816825044,-18.32788677613636,2026-09-18
SVT.L,22.02357759954616,-1.7733255789148528,2026-09-18
STLAM.MI,-47.8452352271868,-23.94133794115919,2026-09-18
PSON.L,13.446937317535037,21.159395813347448,2026-09-18
RBI.VI,128.76741481640056,66.4881433102003,2026-09-18
GALP.LS,37.57914664231741,5.670707409427678,2026-09-18
MKS.L,8.264891177629675,1.998768930011252,2026-09-18
ERF.PA,12.63127860429365,25.64602263098685,2026-09-18
COLO-B.CO,-23.45733213127955,-4.951934780774359,2026-09-18
CNA.L,-5.196394918661063,-28.641472775226763,2026-09-18
TEL2-B.ST,10.765782854966233,-10.745957212037473,2026-09-18
MICC.AS,,22.8592625370732,2026-09-18
WEIR.L,-1.358145928118537,-8.62283312055725,2026-09-18
TEL.OL,-13.279119300538634,-20.08404310047445,2026-09-18
WISE.L,-13.400734172147866,-2.6389668725435134,2026-09-18
GTT.PA,42.02496021385718,11.8756273351873,2026-09-18
MOWI.OL,-5.6782272713379545,-8.078949397953606,2026-09-18
SKA-B.ST,16.569786056306967,11.634666237901856,2026-09-18
RXL.PA,30.885201035838826,12.417342351853812,2026-09-18
SKF-B.ST,12.889895387066264,24.239867136277105,2026-09-18
BEAN.SW,-0.8654172213136802,20.35082035106872,2026-09-18
CON.DE,24.485335349763822,18.31056687636934,2026-09-18
TREL-B.ST,15.115759498257477,28.492731251675487,2026-09-18
FME.DE,-1.837061077473612,2.332624947475659,2026-09-18
PNDORA.CO,-4.092523910075974,83.66597540629022,2026-09-18
HEIO.AS,20.99247293961519,6.653929424216076,2026-09-18
TEN.MI,59.202907076320166,3.4442332032679657,2026-09-18
STB.OL,35.57616411124276,16.71667417714793,2026-09-18
HSX.L,38.24098606797541,24.044859362826543,2026-09-18
QIA.DE,-3.638035460452184,9.681150531776716,2026-09-18
SPIE.PA,-1.2272055642913229,-2.7371006408147047,2026-09-18
BNR.DE,24.726783291126853,28.574919279114,2026-09-18
TLX.DE,11.041535557619396,15.790103314288494,2026-09-18
ACLN.SW,8.783488376345394,-4.488758259613091,2026-09-18
ADDT-B.ST,3.957955779697464,8.997367951775747,2026-09-18
TKA.DE,52.47969638418712,85.66308452004262,2026-09-18
FRO.OL,72.96150698423567,54.57414390781368,2026-09-18
EBP.WA,62.13653358967921,45.68561566633476,2026-09-18
EXO.AS,-16.432187067452876,6.589989970888288,2026-09-18
DHER.DE,24.369747899159663,125.62365069921624,2026-09-18
EDEN.PA,47.84575651455762,69.69992475882265,2026-09-18
SDR.L,54.09677889919866,2.3681790304526995,2026-09-18
PSPN.SW,9.284461819541146,-5.647547992405055,2026-09-18
HOT.DE,88.29742894504375,-2.2604312007898586,2026-09-18
LTMC.MI,10.45369439981827,10.836842573728278,2026-09-18
HM-B.ST,21.176808808002967,-4.767061322123922,2026-09-18
YAR.OL,20.693034756999108,-15.504286161826888,2026-09-18
SBRY.L,3.5181241764364213,-3.9352367217647566,2026-09-18
MRO.L,-17.811313451334243,-5.909444760339577,2026-09-18
GAW.L,26.02311312305421,2.8599749562538967,2026-09-18
NKT.CO,52.62738853503184,14.25925925925926,2026-09-18
SECU-B.ST,4.803912449098435,-0.0633265065898447,2026-09-18
BEI.DE,-14.695790922302464,1.6955958997097786,2026-09-18
SUBC.OL,84.39890970180406,30.486953519840387,2026-09-18
KBX.DE,22.14806292355713,6.681492043882997,2026-09-18
FRES.L,32.25172420953604,-7.194492072525183,2026-09-18
LIFCO-B.ST,-3.965249328073006,7.997270699673264,2026-09-18
DCC.L,31.79325905369261,37.345157579297485,2026-09-18
STJ.L,-7.489178517266637,-13.071503873636592,2026-09-18
KCR.HE,21.93804736224436,3.351336062045962,2026-09-18
ALSYDB.CO,35.31625230659057,40.11529673196388,2026-09-18
TRYG.CO,-1.3331177886292678,-0.0220978469454458,2026-09-18
SCA-B.ST,-9.273222617167608,10.506288559935694,2026-09-18
ORK.OL,1.3438258581772944,-19.35727023472428,2026-09-18
ABF.L,2.314718702658736,-2.7849611402679164,2026-09-18
ELI.BR,36.9251994489195,-8.134018742397997,2026-09-18
KGF.L,29.08996386633856,-0.9347413254616854,2026-09-18
LPP.WA,20.25598914435112,25.975562766411485,2026-09-18
ICG.L,-14.925909186841867,20.79330366395553,2026-09-18
IDR.MC,82.17556639704631,10.881403665593512,2026-09-18
RILBA.CO,21.53199954300769,22.214854111405845,2026-09-18
STERV.HE,1.86882407286848,7.132092980689508,2026-09-18
ACKB.BR,15.647663070765372,1.9267891332187537,2026-09-18
AED.BR,12.370511376379875,-5.86378917853353,2026-09-18
KESKOB.HE,24.006184413545828,16.58293696101394,2026-09-18
ABVX.PA,47.21029939860944,-12.849164670107182,2026-09-18
JYSK.CO,53.85638886297899,26.23138602520045,2026-09-18
SPX.L,-0.895349789199118,2.960068921011993,2026-09-18
BAB.L,-4.079834738996668,-28.045793855142243,2026-09-18
SSAB-B.ST,103.5545098868174,58.95910554107646,2026-09-18
SRT3.DE,11.553530366849628,12.870562171097545,2026-09-18
ELISA.HE,-18.03953895480107,-11.397328191059495,2026-09-18
IPN.PA,44.8669213843336,1.9739310065203908,2026-09-18
RNO.PA,-12.752705794071527,8.523245925057598,2026-09-18
REC.MI,1.6090104941720584,19.99283211738005,2026-09-18
SPM.MI,98.63337483261884,31.318503945534594,2026-09-18
EMSN.SW,38.43503801960717,32.06950778535198,2026-09-18
G24.DE,-28.51704783875721,12.138072309176827,2026-09-18
INDT.ST,5.207289834274209,18.125831889280786,2026-09-18
ALO.PA,-25.647057925953582,-36.28536141559524,2026-09-18
GBLB.BR,3.65082404866679,1.0886698637101455,2026-09-18
UHR.SW,26.61395115772944,8.465411868405614,2026-09-18
SYENS.BR,19.682976407044748,76.2590001236135,2026-09-18
IMCD.AS,5.38088189364978,33.66197974500649,2026-09-18
AMUN.PA,54.24147412284839,29.400023978229584,2026-09-18
AM.PA,7.388216093366551,-14.598093327806849,2026-09-18
LAND.L,23.90716055828548,7.5852617458228355,2026-09-18
BGEO.L,65.58111534900542,42.58384730997149,2026-09-18
NEX.PA,5.57844679126307,18.081761889696303,2026-09-18
DIM.PA,-1.9292562382512868,12.551689553477075,2026-09-18
GET.PA,27.749492865417857,7.558200465439069,2026-09-18
ISS.CO,44.7147098809235,32.90516297632837,2026-09-18
NIBE-B.ST,2.942564032804018,33.7410321760917,2026-09-18
BBY.L,41.594018611831714,17.630201294065696,2026-09-18
IG.MI,21.861277732596072,-13.167026253516823,2026-09-18
ANDR.VI,37.57528767899174,39.80415525817085,2026-09-18
SAVE.ST,36.11731844530684,15.434388571113589,2026-09-18
MRL.MC,12.461562447057272,-12.78927180336512,2026-09-18
VOE.VI,57.1106823495731,19.27788168686886,2026-09-18
ZAL.DE,-16.678909341306735,-9.005950538578844,2026-09-18
BTRW.L,-16.527661991139475,8.814550388130659,2026-09-18
SCR.PA,26.20480303923432,11.020182561064008,2026-09-18
LOTB.BR,55.336556217811264,18.87247599139723,2026-09-18
JMT.LS,-17.396247868106883,-13.41657412021916,2026-09-18
GJF.OL,8.36022335609561,9.541278378584806,2026-09-18
SQN.SW,-28.40351028478777,-2.639776915468517,2026-09-18
ANA.MC,27.84802626912501,-2.4614188481067667,2026-09-18
BMED.MI,53.90435672911727,42.388080641640215,2026-09-18
AUTO.L,-32.66485965795219,1.1728588963499709,2026-09-18
CTEC.L,-0.7470262382820447,-7.934093321315816,2026-09-18
ABDN.L,29.4450150322777,16.790144528882433,2026-09-18
SB1NO.OL,31.117442072389466,17.476788998048654,2026-09-18
BEIJ-B.ST,-17.27941143765419,9.35558085589674,2026-09-18
EVK.DE,25.43447745219412,28.09979306906552,2026-09-18
P911.DE,2.455628561980338,28.17705685626446,2026-09-18
SBMO.AS,68.42851742159965,11.36583621275502,2026-09-18
BLND.L,24.76134489824884,7.876650905438742,2026-09-18
PAH3.DE,-18.76334088236684,-3.131030477183005,2026-09-18
NDX1.DE,89.71154101854255,-11.188505753807531,2026-09-18
HWDN.L,-5.049660329296013,-7.729550182769218,2026-09-18
SW.PA,13.113234911228089,32.80888455501319,2026-09-18
LHA.DE,9.197428514059492,1.5769058551676096,2026-09-18
WTB.L,-22.00724214230031,-2.3285445532008064,2026-09-18
LMP.L,5.806379300094067,-7.581680009309144,2026-09-18
WDP.BR,5.598546820780537,-6.383000313631615,2026-09-18
CRDA.L,15.055635728391303,21.50361423330034,2026-09-18
GETI-B.ST,16.828311165932753,30.68209167693201,2026-09-18
TPRO.MI,242.3529456643497,77.37002644273423,2026-09-18
WPP.L,2.941929537074972,70.23306538068009,2026-09-18
UMI.BR,79.20312322325398,36.82869274074319,2026-09-18
HAG.DE,0.6643095611252647,-5.319922548256317,2026-09-18
RMV.L,-30.750979317845285,10.620463826397364,2026-09-18
VAR.OL,65.50425346924796,25.21860916109828,2026-09-18
MBK.WA,52.17391304347827,35.43942992874109,2026-09-18
GALE.SW,-1.7006727722444823,-9.3875702033405,2026-09-18
EMG.L,86.99962055623102,30.291692360999424,2026-09-18
AZA.ST,19.60797911946824,17.567210129375965,2026-09-18
ROR.L,41.785898369044006,57.33540368118624,2026-09-18
NDA.DE,75.94504572358404,2.735562310030404,2026-09-18
RED.MC,-2.468125374557506,3.91039841740497,2026-09-18
SOF.BR,-2.843022087082414,10.821968937589954,2026-09-18
PSN.L,3.544382543515412,-1.7951768844155724,2026-09-18
AVOL.SW,5.053662731354658,-6.062167995413869,2026-09-18
BRBY.L,-5.745614035087721,-4.127134724857684,2026-09-18
UNI.MC,64.78168511533147,50.70629933780874,2026-09-18
VALMT.HE,-6.764779246694941,11.425907200213148,2026-09-18
FHZN.SW,-1.144882721170526,-15.783086689305016,2026-09-18
INVP.L,13.883657240791214,10.370772811957796,2026-09-18
CAST.ST,27.78383149058508,13.163765817290262,2026-09-18
GF.SW,-15.57846735020232,36.62252400176192,2026-09-18
AZM.MI,31.107158998259465,25.382548945368445,2026-09-18
VER.VI,-0.7571627496401834,-2.0087437176990464,2026-09-18
ADEN.SW,17.18860335113859,38.57216030113466,2026-09-18
SOI.PA,214.1751900049236,125.79365079365078,2026-09-18
BARN.SW,6.007647014107342,-18.04733727810651,2026-09-18
MYCR.ST,47.87543295376593,47.556886640250376,2026-09-18
AKE.PA,9.99310473116144,12.895212018572444,2026-09-18
ZAB.WA,44.96839142098461,54.9500531960023,2026-09-18
MAP.MC,20.570940178081187,23.45311475306256,2026-09-18
SIGN.SW,36.8421052631579,13.620688549545278,2026-09-18
INPST.AS,38.85407451158984,2.85524129827619,2026-09-18
TE.PA,-23.248424365966592,-8.703179055546805,2026-09-18
ZEG.L,25.57696224774042,-0.1117318435754244,2026-09-18
ATS.VI,577.2727272727273,220.5882150821625,2026-09-18
SECT-B.ST,-9.584659104757364,32.499609306698616,2026-09-18
ELIS.PA,7.721996732501246,-9.341552942226905,2026-09-18
CCC.L,103.9789694257502,82.37953780835055,2026-09-18
GL9.IR,63.96737607484584,13.035331044239772,2026-09-18
BKG.L,-4.656199242014081,-9.919137466307282,2026-09-18
EDPR.LS,37.82154572860195,-3.5225771114064885,2026-09-18
DNP.WA,-29.885553319309587,-11.99513500780296,2026-09-18
AYV.PA,26.718124152416344,9.96487081026758,2026-09-18
AIXA.DE,177.54242648127524,3.3583501302831387,2026-09-18
A2A.MI,13.305982192319732,3.345573524582024,2026-09-18
AALB.AS,51.19444279887697,34.365517233172625,2026-09-18
LEG.DE,-20.60194559908457,-19.847418232747017,2026-09-18
SALM.OL,-8.188180140599755,-4.089527216405231,2026-09-18
RAND.AS,16.88893902483375,58.803371065885024,2026-09-18
NEM.DE,-42.51450858871371,-8.076360771240543,2026-09-18
FLS.CO,15.483150195769358,17.40171575631293,2026-09-18
TEMN.SW,15.282461257768842,-7.777430062234125,2026-09-18
INCH.L,19.593881637286124,2.941483557351776,2026-09-18
BGN.MI,43.58009067011825,33.39048026725631,2026-09-18
DEMANT.CO,23.41137791523731,64.31717173312784,2026-09-18
MNDI.L,-13.68389875821977,2.968789260998994,2026-09-18
BBOX.L,8.644287831671015,-3.4977961182370176,2026-09-18
VEND.OL,-29.363114777302755,-4.619714224155869,2026-09-18
TEP.PA,13.065963523309598,46.57663304208828,2026-09-18
GFC.PA,-7.733811936783952,-1.6696581736101668,2026-09-18
TUB.BR,13.088285882700768,-16.905449175904053,2026-09-18
VK.PA,16.34092418591473,-3.635451702138892,2026-09-18
LAGR-B.ST,0.9033417813673283,9.070095048406612,2026-09-18
CDR.WA,-1.637478374182455,1.2154207134538852,2026-09-18
AKER.OL,97.88824587252309,47.48020728921416,2026-09-18
KBCA.BR,45.31449466282227,37.98823162019016,2026-09-18
DRX.L,8.24995560674604,-7.716652424545344,2026-09-18
MANTA.HE,20.06085309962804,4.514581533406759,2026-09-18
CPR.MI,4.830733679755928,-0.2910722046389979,2026-09-18
ENT.L,-37.2327128590642,-10.94677459133665,2026-09-18
ALLN.SW,15.043524159834632,-11.598536886522048,2026-09-18
OCTV-SDB.ST,,,2026-09-18
R3NK.DE,-27.20128413797149,-26.39368020952405,2026-09-18
CVC.AS,0.0620257553643588,19.38154841740792,2026-09-18
ING.WA,52.96081183806534,18.74539730980585,2026-09-18
EVD.DE,-29.53290905823532,-14.391820304277848,2026-09-18
SRP.L,18.407057567041463,-18.23710159665316,2026-09-18
BFT.WA,74.88224938541373,44.46229612425785,2026-09-18
ALK-B.CO,7.009146268334399,-5.619049072265625,2026-09-18
LOOMIS.ST,28.29828807549804,35.736833225513664,2026-09-18
JMAT.L,-9.151684038734375,-7.301070617321271,2026-09-18
TW.L,-15.818531718603335,-13.765110655741053,2026-09-18
BZU.MI,-17.084971346235665,-10.26221527135266,2026-09-18
AAK.ST,-21.86668422051764,-13.323796014465897,2026-09-18
SAGA-B.ST,-17.130559004483693,-3.0914071527027853,2026-09-18
ARCAD.AS,-0.6806195513598512,58.06607232706362,2026-09-18
FNTN.DE,-5.427453680563021,-3.106616807496776,2026-09-18
MIL.WA,43.77128279456575,39.50850377632798,2026-09-18
RUI.PA,16.953517534361985,9.696829000167174,2026-09-18
FR.PA,35.80986968375788,53.41462018323777,2026-09-18
KGX.DE,-30.213274328124527,-12.374173165619451,2026-09-18
RAA.DE,-3.011099980813892,-11.385950907719844,2026-09-18
HER.MI,8.00996222202448,-5.867876646687087,2026-09-18
QQ.L,8.292385595497564,-1.6190665441028762,2026-09-18
ITV.L,-11.123511379074069,-13.255962260837803,2026-09-18
PIRC.MI,12.199351020717742,17.138799344528287,2026-09-18
TCAP.L,19.203637894521464,19.32164544192958,2026-09-18
IP.MI,-9.111366130263022,5.413674563913395,2026-09-18
ACP.WA,14.70861083012911,41.901330620714994,2026-09-18
CWK.L,4.139213112550011,-3.0326753295220388,2026-09-18
BALD-B.ST,-22.67289277495012,-16.500002543131508,2026-09-18
SFZN.SW,-8.57640467607771,-0.6856751205299383,2026-09-18
HUBN.SW,28.97870830747802,-4.103901919380637,2026-09-18
BC8.DE,-6.644215455459978,12.894623999911817,2026-09-18
PLUS.L,23.06153999790159,-16.576676494655374,2026-09-18
GRF.MC,-17.294212304695744,6.590682219782429,2026-09-18
ACX.MC,66.88230919728504,45.500663045124746,2026-09-18
BAMNB.AS,46.17621865826782,32.23681613399587,2026-09-18
ADP.PA,1.879916273374316,8.963436708464823,2026-09-18
AAF.L,44.10415372570063,-12.929987391711062,2026-09-18
TUI1.DE,-10.680330351846845,-3.612332087324921,2026-09-18
SUNN.SW,-6.267100145590099,-4.404762042816069,2026-09-18
SBNOR.OL,22.094445273506523,10.937586864402338,2026-09-18
VSURE.ST,,,2026-09-18
BC.MI,-16.35183366911226,6.052500263355065,2026-09-18
MTO.L,48.122313473245136,19.84249262564177,2026-09-18
HIK.L,1.023576699575579,25.270533939937103,2026-09-18
NEXI.MI,-5.562426280206356,62.22463760317682,2026-09-18
TBCG.L,5.383945992405814,23.648395271405608,2026-09-18
TGS.OL,100.47594884366929,25.55927602433464,2026-09-18
REY.MI,-1.7264869899972668,47.31983594226647,2026-09-18
NOD.OL,1.177925518001821,11.256212998267534,2026-09-18
UTG.L,-28.12300510461584,-2.440426170874688,2026-09-18
BWY.L,-11.437683997407444,-5.55884626758666,2026-09-18
PNN.L,-0.7228316685742198,-15.307724092146858,2026-09-18
BKW.SW,-16.96487457365893,-15.37181484639726,2026-09-18
IFCN.SW,75.56955166200258,50.53375674015032,2026-09-18
AG1.DE,-28.43340200578313,11.608728935851143,2026-09-18
IVG.MI,8.280568962784418,4.038011976341371,2026-09-18
VPK.AS,28.87416592606162,6.53803456320563,2026-09-18
ALLFG.AS,46.0402325350509,8.585246948739545,2026-09-18
SUN.SW,10.261124575492133,-7.113913636703551,2026-09-18
FDJU.PA,-15.98777968406041,-5.187476821355929,2026-09-18
MOBN.SW,7.500918586950811,-9.23411104157328,2026-09-18
FPE3.DE,3.870089412486744,23.536375447719628,2026-09-18
LATO-B.ST,-16.999214277575913,5.409825860788375,2026-09-18
RBREW.CO,-5.1806582200828455,-23.035075273795247,2026-09-18
VATN.SW,18.87237418067995,-6.850687828420742,2026-09-18
COV.PA,-2.772493788255604,-10.90084709026221,2026-09-18
CMBN.SW,1.9911920994726493,-5.250327372055164,2026-09-18
FTK.DE,31.847404953480662,-9.401686860411186,2026-09-18
SCYR.MC,27.68608481886161,0.7635286089102022,2026-09-18
COTN.SW,83.63065215964076,29.39209590167724,2026-09-18
SWEC-B.ST,-22.9748621024501,-4.141316958276098,2026-09-18
KMAR.OL,,,2026-09-18
HOLM-B.ST,-9.06267002297072,-1.540328581804984,2026-09-18
VIS.MC,2.1814021621195723,-4.70750738672484,2026-09-18
SHC.L,6.041864848908496,1.1264953002259936,2026-09-18
CSG.AS,,-42.59351444380029,2026-09-18
SFSN.SW,25.488147877805844,15.176364821252507,2026-09-18
GBF.DE,-18.35231382964844,-41.12803916652771,2026-09-18
PHP.L,6.06477044783944,-5.774873514007417,2026-09-18
QLT.L,16.034006445825288,3.5844797294002806,2026-09-18
TEG.DE,-8.351537691067168,-15.391939527938003,2026-09-18
HIAB.HE,28.078700883292164,51.459920877908914,2026-09-18
TOM.OL,-31.68842175484764,-20.01848884563826,2026-09-18
PUM.DE,14.241482646755331,3.812178921891362,2026-09-18
ROCK-B.CO,-4.052962468767296,3.3485751459680246,2026-09-18
SOP.PA,14.276419261960127,35.90178764357588,2026-09-18
WIE.VI,-29.381117347439933,-20.99963028549835,2026-09-18
ZEAL.CO,-33.089972528282665,1.2834246358344403,2026-09-18
TPE.WA,2.350076219087605,-7.301652434323125,2026-09-18
PUIG.MC,19.70252568622517,8.435239715698707,2026-09-18
DKSH.SW,29.32261022715441,16.83402521011539,2026-09-18
PAF.L,35.327966113944576,-8.192094352761202,2026-09-18
BPT.L,-0.4153763006832567,27.16415169789441,2026-09-18
JD.L,-0.3995940168599832,6.371007558906983,2026-09-18
AXFO.ST,-18.84549781817766,-19.7990199076668,2026-09-18
FRA.DE,-14.12559936811596,-19.73818083396619,2026-09-18
KTY.WA,42.06651379871742,33.213265805566095,2026-09-18
HOC.L,70.55512957061632,3.9145369624021376,2026-09-18
DLN.L,21.724895134610843,8.967610551891859,2026-09-18
KEMIRA.HE,-6.340613251184579,-9.74280802808478,2026-09-18
LIGHT.AS,-28.985991303745784,-13.70034455611786,2026-09-18
THULE.ST,-11.889425894067951,-2.155153153157208,2026-09-18
AMV0.DE,-6.913511762790225,-4.100527164934087,2026-09-18
BUCN.SW,-20.481261829754395,-6.300024430821727,2026-09-18
BAKKA.OL,-2.114441936575362,-8.9612360938785,2026-09-18
WIHL.ST,-12.164820393129538,-11.995399487485823,2026-09-18
SESG.PA,-5.801233529624239,-17.50911600590246,2026-09-18
NESN.SW,14.682706709769477,2.2944546969271062,2026-09-18
BP.L,25.41517610373996,0.3293793242226339,2026-09-18
OR.PA,1.2096342571844332,9.898659716528702,2026-09-18
GSK.L,28.21844419459993,-4.900396724543532,2026-09-18
MUV2.DE,5.298035314589211,-1.410965673526987,2026-09-18
GLE.PA,43.040764511737706,12.00502519415445,2026-09-18
RMS.PA,-26.516338706853347,-26.361750396691875,2026-09-18
EOAN.DE,16.91192909063468,-8.689517082473785,2026-09-18
III.L,-28.277908705594392,-5.997794207267226,2026-09-18
NN.AS,41.99039696675781,24.178666283141425,2026-09-18
BMW.DE,-26.513563576098026,-16.47882410775976,2026-09-18
BT-A.L,0.4408235006986061,-8.615308425330959,2026-09-18
TEF.MC,-11.821977849462584,2.802915182788168,2026-09-18
WRT1V.HE,18.08204843933432,-12.581803342085818,2026-09-18
PEO.WA,56.0894797163425,35.10324866947276,2026-09-18
MAERSK-B.CO,55.22368595707224,24.20136991758406,2026-09-18
PZU.WA,28.712905783412744,19.59715374064408,2026-09-18
ORSTED.CO,29.795337593980275,-4.548613230387366,2026-09-18
INDU-C.ST,43.33071213351034,16.266452995264878,2026-09-18
LI.PA,24.209625625890684,12.484004082695057,2026-09-18
IGG.L,25.26251104859349,-1.2212382324960358,2026-09-18
DIE.BR,6.702004456865529,-1.098943496858662,2026-09-18
LUND-B.ST,13.055726656025568,11.42600099286284,2026-09-18
BCVN.SW,38.69694528383842,5.360962401711156,2026-09-18
ENG.MC,37.30861326703621,15.163097341659904,2026-09-18
RS1.L,26.825897071507864,20.928851917500737,2026-09-18
BIM.PA,-35.11763725682056,-20.50990330844881,2026-09-18
HUH1V.HE,9.863690936825398,8.757051821898232,2026-09-18
SDF.DE,31.056361383708307,-7.064421794484799,2026-09-18
BOL.PA,15.408793167059144,5.504732004369073,2026-09-18
VZN.SW,2.2466957401095167,11.895158727345231,2026-09-18
DLG.MI,33.47578267984215,28.041884626747148,2026-09-18
MNG.L,39.11378201430937,11.161719487046115,2026-09-18
