ticker,currentPrice,currency,financialCurrency,recommendationKey,recommendationMean,numberOfAnalystOpinions,targetMeanPrice,targetHighPrice,targetLowPrice,targetMedianPrice,bpa_current,bpa_7daysAgo,bpa_30daysAgo,bpa_60daysAgo,bpa_90daysAgo,rev_hausse_30j,rev_baisse_30j,bpa_moyen,bpa_haut,bpa_bas,bpa_analystes,bpa_croissance,bpa_devise,date_releve
ARGX.BR,836.6,EUR,USD,strong_buy,1.44444,15,1034.5375,1269.4818,791.76074,1021.0071,36.774,35.705,37.34836,35.58374,34.81268,6.0,3.0,36.774,38.912,33.97,3.0,0.2326,USD,2026-09-24
ELE.MC,42.43,EUR,EUR,underperform,3.56522,23,35.71391,44.3,27.4,36.6,2.3855,2.38473,2.38109,2.34777,2.34429,9.0,0.0,2.3855,2.62312,2.04,22.0,0.016900001,EUR,2026-09-24
EVO.ST,851.4,SEK,EUR,hold,2.9375,17,754.3571,1123.9441,551.77875,740.78,6.12623,6.12568,6.12734,6.08505,6.00536,6.0,4.0,6.12623,6.57,5.6,18.0,0.1387,EUR,2026-09-24
ORNBV.HE,82.65,EUR,EUR,none,,6,76.66667,86.0,55.0,80.5,4.7456,4.69189,4.69189,4.6118,4.46015,1.0,0.0,4.7456,5.28,4.10075,6.0,0.18,EUR,2026-09-24
UU.L,1404.0,GBp,GBP,none,,14,1510.214,1650.0,1340.0,1521.5,1.09184,1.09184,1.08888,1.10385,1.11432,1.0,1.0,1.09184,1.204,0.98434,14.0,0.0242,GBP,2026-09-24
CA.PA,16.265,EUR,EUR,none,,15,16.88667,22.0,9.0,18.0,1.86989,1.87133,1.87138,1.86996,1.87604,3.0,3.0,1.86989,2.0227,1.697,13.0,0.08189999,EUR,2026-09-24
NTGY.MC,29.56,EUR,EUR,buy,2.47059,17,30.68176,35.0,24.3,31.8,2.0957,2.09031,2.09031,2.03764,2.03852,5.0,1.0,2.0957,2.35,1.88,13.0,-0.0467,EUR,2026-09-24
AENA.MC,25.98,EUR,EUR,buy,2.3913,23,27.11522,31.5,20.0,27.4,1.6201,1.6159,1.61757,1.61881,1.60502,6.0,2.0,1.6201,1.757,1.5,12.0,0.0344,EUR,2026-09-24
NXT.L,14573.989,GBp,GBP,buy,2.1,19,16243.158,18700.0,13900.0,16000.0,8.80864,8.77619,8.77573,8.67272,8.64784,13.0,3.0,8.80864,9.33357,8.4412,17.0,0.0708,GBP,2026-09-24
IHG.L,157.1,USD,USD,buy,2.3125,15,163.66667,195.0,108.0,168.0,6.50679,6.50301,6.47971,6.45384,6.45101,10.0,2.0,6.50679,6.8699,6.07,17.0,0.1314,USD,2026-09-24
NN.AS,78.78,EUR,EUR,buy,2.30769,13,82.42231,97.5,72.0,80.5,8.88845,8.9068,8.7247,8.55108,8.3965,1.0,2.0,8.88845,9.82,7.58,8.0,0.0512,EUR,2026-09-24
RIO.L,7170.09,GBp,USD,hold,2.52381,21,7738.6616,9461.152,6532.9604,7578.5884,8.25298,8.27822,8.29869,8.4388,8.71137,5.0,12.0,8.25298,10.44089,4.83068,21.0,-0.021,USD,2026-09-24
SAB.MC,3.713,EUR,EUR,hold,2.75,20,3.50975,4.5,2.3,3.535,0.32734,0.32599,0.32322,0.31836,0.31865,5.0,1.0,0.32734,0.37,0.28,16.0,0.1377,EUR,2026-09-24
VAR.OL,53.06,NOK,USD,buy,2.26667,14,52.9644,70.17097,41.464226,52.36937,0.47515,0.45612,0.44447,0.44396,0.44285,1.0,0.0,0.47515,0.55,0.39839,13.0,-0.3351,USD,2026-09-24
ABI.BR,68.24,EUR,USD,buy,1.6,24,83.64709,98.47802,67.84247,83.15232,4.96437,4.92433,4.91568,4.87074,4.86874,15.0,5.0,4.96437,5.65,4.54,25.0,0.1185,USD,2026-09-24
EQNR.OL,414.5,NOK,USD,hold,3.24,25,370.6398,469.0123,257.2861,375.9546,4.08457,4.02284,3.916,3.86335,3.92713,3.0,1.0,4.08457,5.26,2.5366,21.0,-0.2176,USD,2026-09-24
UNI.MI,26.99,EUR,EUR,none,,5,31.5,33.5,29.0,32.0,2.26656,2.22391,2.21992,2.21992,2.15882,4.0,0.0,2.26656,2.45,2.096,5.0,0.0422,EUR,2026-09-24
NHY.OL,84.1,NOK,NOK,hold,3.17647,17,93.17647,118.0,55.0,95.0,8.31052,8.52437,8.84749,9.01022,10.04608,3.0,7.0,8.31052,10.34,6.45,13.0,-0.0444,NOK,2026-09-24
BG.VI,180.2,EUR,EUR,none,,9,195.36667,222.0,175.0,191.0,16.07515,16.07515,14.83493,14.48231,14.4242,1.0,0.0,16.07515,16.63576,15.34,5.0,0.2633,EUR,2026-09-24
IPN.PA,148.9,EUR,EUR,hold,2.53333,15,166.06667,235.0,130.0,170.0,13.86427,13.86427,13.89982,13.8168,13.71634,5.0,2.0,13.86427,15.6084,12.90445,11.0,-0.0719,EUR,2026-09-24
IBE.MC,20.33,EUR,EUR,hold,2.6087,23,20.5387,23.5,17.3,20.0,1.08455,1.0801,1.07827,1.07665,1.07058,1.0,0.0,1.08455,1.14138,1.03451,9.0,0.0716,EUR,2026-09-24
SAN.PA,72.67,EUR,EUR,buy,2.12,24,94.05875,112.0,78.0,95.0,9.07742,9.07742,9.04751,9.07237,9.0143,4.0,3.0,9.07742,9.72,8.03,21.0,0.0577,EUR,2026-09-24
WKL.AS,67.64,EUR,EUR,buy,1.6875,16,90.09375,120.0,54.0,92.5,6.18311,6.18594,6.25522,6.2432,6.21126,6.0,5.0,6.18311,6.42,5.61,15.0,0.1034,EUR,2026-09-24
DPLM.L,7760.0,GBp,GBP,none,,16,8254.375,9000.0,7000.0,8325.0,2.64452,2.64127,2.61517,2.53116,2.53116,3.0,0.0,2.64452,2.898,2.363,16.0,0.0509,GBP,2026-09-24
OMV.VI,72.05,EUR,EUR,hold,3.05556,18,64.03889,80.5,55.0,62.0,8.01453,7.93218,7.52126,7.18639,7.2302,5.0,1.0,8.01453,12.4,5.21576,17.0,-0.1423,EUR,2026-09-24
AAF.L,306.4,GBp,USD,hold,2.57143,7,404.05142,538.0069,344.84836,374.4166,0.34134,0.34134,0.34305,0.33011,0.32941,0.0,1.0,0.34134,0.41,0.285,6.0,0.3689,USD,2026-09-24
ITX.MC,53.34,EUR,EUR,buy,1.70833,24,60.38958,67.0,41.5,61.0,2.36644,2.3695,2.38846,2.38663,2.38421,4.0,2.0,2.36644,2.45,2.22,23.0,0.092700005,EUR,2026-09-24
PUB.PA,97.56,EUR,EUR,strong_buy,1.5,16,112.1875,133.0,90.0,113.5,8.53651,8.53382,8.5832,8.58988,8.54077,11.0,2.0,8.53651,8.82786,8.14,15.0,0.0866,EUR,2026-09-24
EMSN.SW,833.0,CHF,CHF,hold,2.71429,7,732.1429,860.0,630.0,735.0,22.76937,22.75899,22.75953,22.66546,22.11473,0.0,1.0,22.76937,24.76,22.02,7.0,0.048499998,CHF,2026-09-24
LI.PA,36.5,EUR,EUR,none,,15,38.74667,45.5,31.0,39.0,2.8995,2.89349,2.89349,2.85664,2.85968,6.0,0.0,2.8995,3.02,2.79967,10.0,0.0271,EUR,2026-09-24
