ticker,vol_3a,dd_2020,dd_2022,beta_3a
ASML.AS,36.696,-26.609,-39.664,1.581
HSBA.L,23.101,-52.33,-22.005,1.07
ROP.SW,24.367,-18.132,-27.056,0.82
SHELL.AS,21.584,-59.671,-16.625,0.253
NOVN.SW,20.811,-22.872,-14.891,0.725
AZN.L,24.582,-21.372,-14.467,0.79
NESN.SW,19.863,-17.446,-16.397,0.554
SIE.DE,28.36,-40.944,-35.115,1.603
SAP.DE,29.513,-34.538,-31.324,0.949
SAN.MC,27.171,-60.505,-29.853,1.431
TTE.PA,22.102,-49.784,-14.833,0.267
ALV.DE,17.741,-41.734,-25.76,0.888
SU.PA,28.014,-31.412,-32.794,1.422
RR.L,32.419,-83.464,-45.265,1.293
BBVA.MC,27.336,-53.796,-28.123,1.148
UBSG.SW,27.319,-37.894,-25.854,1.419
ABBN.SW,24.709,-33.899,-26.031,1.189
IBE.MC,15.501,-23.953,-14.785,0.456
UCG.MI,28.512,-55.321,-44.434,1.327
SAF.PA,25.309,-58.07,-20.363,1.324
ULVR.L,17.528,-17.913,-13.963,0.179
NOVO-B.CO,45.731,-18.088,-11.786,1.104
AIR.PA,26.43,-64.525,-23.912,1.152
ENR.DE,51.653,,-51.989,1.974
BP.L,28.301,-60.372,-16.542,0.14
BATS.L,23.938,-29.656,-10.21,0.154
BNP.PA,26.389,-53.921,-32.694,1.346
AI.PA,18.328,-24.524,-21.939,0.822
ISP.MI,22.552,-47.285,-40.437,1.295
MC.PA,30.874,-29.165,-23.093,1.338
DTE.DE,20.486,-30.182,-13.577,0.53
ZURN.SW,16.076,-34.357,-14.112,0.759
CFR.SW,33.877,-38.275,-32.85,1.598
INGA.AS,24.371,-57.938,-35.533,1.26
OR.PA,21.791,-21.54,-23.799,0.652
RIO.L,23.506,-30.908,-27.904,0.994
GSK.L,24.159,-29.99,-27.85,0.752
SAN.PA,22.977,-21.554,-23.423,0.848
CS.PA,20.217,-46.133,-21.692,0.959
BARC.L,28.891,-56.225,-33.702,1.526
LLOY.L,26.193,-60.793,-24.887,1.291
BA.L,31.377,-40.63,-15.612,0.674
IFX.DE,41.876,-48.523,-44.002,2.001
ABI.BR,25.0,-50.269,-20.333,0.894
ENEL.MI,19.631,-33.456,-36.678,0.799
NG.L,22.936,-21.635,-28.921,0.481
NWG.L,30.396,-59.345,-20.17,1.411
MUV2.DE,20.361,-44.474,-21.625,0.742
DG.PA,21.228,-39.66,-18.638,0.996
INVE-B.ST,17.837,-28.604,-27.559,1.144
DBK.DE,30.561,-49.882,-45.752,1.47
GLEN.L,31.269,-50.831,-22.93,1.056
NDA-FI.HE,19.276,-40.012,-23.444,1.004
ITX.MC,25.686,-33.208,-28.434,1.146
GLE.PA,34.409,-65.635,-42.16,1.607
REL.L,24.086,-27.911,-14.595,0.386
DHL.DE,25.134,-39.178,-43.321,1.251
ARGX.BR,34.68,-31.516,-19.802,0.493
DB1.DE,17.917,-34.911,-13.426,0.395
AAL.L,38.519,-50.75,-38.856,1.647
G.MI,19.656,-41.827,-30.772,0.965
ENI.MI,23.24,-54.381,-23.987,0.253
RMS.PA,29.124,-20.871,-32.26,1.363
STAN.L,29.746,-53.274,-18.979,1.226
NOKIA.HE,35.815,-41.281,-19.956,0.929
BAYN.DE,38.718,-45.592,-28.785,1.168
CPG.L,20.27,-49.661,-17.309,0.378
RHM.DE,46.585,-48.697,-32.258,1.069
VOLV-B.ST,24.31,-41.304,-25.744,1.279
ENGI.PA,20.695,-47.587,-26.18,0.494
BAS.DE,26.741,-39.416,-38.18,1.111
CABK.MC,25.397,-45.566,-21.973,0.902
LSEG.L,24.806,-26.146,-17.067,0.524
EL.PA,25.551,-32.44,-20.4,1.011
PRX.AS,34.527,-25.465,-46.465,1.409
ATCO-A.ST,26.189,-29.674,-39.156,1.407
SREN.SW,20.356,-51.196,-24.292,0.795
RACE.MI,31.218,-22.904,-25.185,1.174
DGE.L,24.797,-26.006,-13.008,0.847
LONN.SW,31.743,-20.639,-37.305,1.355
EOAN.DE,20.477,-27.257,-33.63,0.405
BN.PA,17.943,-34.23,-15.658,0.212
HOLN.SW,38.912,-40.347,-19.462,1.272
RWE.DE,25.314,-36.498,-16.929,0.551
RKT.L,23.361,-17.323,-16.752,0.63
ASM.AS,42.465,-40.008,-39.364,1.5
PRY.MI,34.157,-39.84,-20.589,1.437
LR.PA,26.615,-33.704,-34.382,1.102
TSCO.L,20.76,-19.63,-33.831,0.209
EBS.VI,27.281,-56.716,-47.693,1.019
HLN.L,16.274,,,0.254
SAND.ST,27.81,-34.903,-36.484,1.551
SGO.PA,29.72,-48.475,-42.492,1.671
SSE.L,25.847,-36.358,-24.157,0.572
EQNR.OL,31.783,-42.373,-16.73,-0.346
DSV.CO,31.934,-34.456,-40.605,1.128
REP.MC,28.836,-60.469,-24.845,0.3
MBG.DE,26.708,-54.127,-25.169,1.325
SWED-A.ST,20.197,-36.791,-24.843,0.966
DANSKE.CO,22.557,-41.341,-29.189,0.942
SEB-A.ST,19.099,-37.643,-22.831,0.97
SIKA.SW,29.445,-27.016,-45.042,1.591
ORA.PA,18.005,-32.988,-18.505,0.093
SDZ.SW,26.845,,,0.946
GALD.SW,31.397,,,0.871
ASSA-B.ST,21.009,-30.004,-23.961,1.121
III.L,32.413,-42.989,-27.048,0.978
ALC.SW,25.127,-29.947,-23.888,0.99
VOD.L,25.035,-34.281,-39.655,0.568
EXPN.L,25.924,-28.886,-33.07,1.035
PRU.L,27.038,-44.876,-39.567,1.184
KBC.BR,21.821,-42.699,-36.303,1.12
ADYEN.AS,47.941,-21.775,-42.182,1.731
AD.AS,18.698,-19.709,-16.966,0.362
MT.AS,33.186,-53.945,-35.345,1.636
STMMI.MI,44.615,-44.861,-34.2,1.51
VWS.CO,42.979,-28.024,-35.291,1.035
SLHN.SW,15.86,-46.093,-27.066,0.718
ABN.AS,25.851,-65.133,-34.193,1.174
GIVN.SW,21.897,-18.376,-37.321,0.788
BMPS.MI,40.454,-51.078,-92.56,1.513
ADS.DE,31.761,-45.067,-59.897,1.381
UCB.BR,35.662,-27.269,-39.863,0.99
ERIC-B.ST,27.893,-26.281,-47.088,0.779
AV.L,19.449,-45.35,-17.015,0.89
DNB.OL,15.866,-38.378,-15.088,0.649
AMS.MC,24.651,-55.191,-26.209,0.933
A5G.IR,26.732,-74.81,-28.376,0.829
PKO.WA,29.361,-47.274,-51.619,1.02
FER.MC,20.55,-36.987,-14.946,1.07
SAMPO.HE,14.638,-41.217,-15.521,0.469
HO.PA,34.137,-43.681,-13.203,0.98
PUB.PA,23.557,-46.207,-29.381,1.076
DTG.DE,30.833,,-36.989,1.277
ML.PA,20.421,-32.276,-40.106,0.914
EQT.ST,36.653,-36.53,-55.749,1.549
IMB.L,19.791,-40.365,-16.117,0.125
BPE.MI,31.797,-67.479,-34.968,1.27
VIE.PA,20.114,-42.737,-37.941,0.968
SHB-A.ST,19.552,-34.227,-15.777,0.717
PKN.WA,27.823,-55.09,-35.891,0.268
NN.AS,19.618,-39.574,-26.023,0.762
BMW.DE,29.28,-44.522,-27.084,1.297
ACA.PA,21.473,-55.389,-35.321,0.97
HEIA.AS,23.098,-31.844,-19.186,0.835
NSIS-B.CO,23.481,-25.862,-32.399,0.651
GEBN.SW,23.066,-26.775,-40.759,1.079
IHG.L,21.879,-46.926,-18.259,0.696
KNEBV.HE,20.178,-22.499,-36.116,0.819
LDO.MI,36.652,-64.645,-30.948,1.162
LGEN.L,21.398,-50.675,-29.615,1.017
NXT.L,20.79,-52.877,-42.748,0.546
ACS.MC,24.891,-60.968,-13.201,1.052
CBK.DE,32.899,-56.384,-35.527,0.927
FRE.DE,23.294,-43.22,-44.761,0.927
GMAB.CO,31.704,-27.243,-22.402,0.95
MTX.DE,30.296,-62.853,-27.978,1.25
HEI.DE,31.963,-48.756,-35.424,1.01
BIRG.IR,29.318,-72.079,-21.381,1.166
SCMN.SW,13.533,-17.074,-23.164,0.141
SAB.MC,28.662,-74.109,-32.316,0.959
RYA.IR,27.627,-47.418,-42.386,0.972
AENA.MC,18.967,-40.734,-32.225,0.814
CAP.PA,31.566,-44.477,-22.718,1.306
BAMI.MI,29.405,-55.84,-32.227,1.021
HEXA-B.ST,34.862,-33.304,-25.192,1.557
HBAN.SW,17.674,-50.241,-25.084,0.62
SAAB-B.ST,43.46,-49.126,-23.366,0.988
PHIA.AS,31.737,-33.578,-60.627,1.153
MRK.DE,26.9,-31.189,-22.974,1.183
SGSN.SW,21.85,-27.23,-28.539,0.804
VACN.SW,36.233,-29.318,-51.049,1.558
KER.PA,39.755,-33.628,-36.169,1.478
UMG.AS,33.339,,-27.121,0.981
ANTO.L,37.703,-34.187,-42.768,1.92
VOW3.DE,28.194,-49.262,-32.136,1.257
KPN.AS,13.986,-32.678,-19.412,0.132
WKL.AS,26.827,-19.898,-11.851,0.466
BAER.SW,28.01,-43.812,-28.543,1.196
DSFIR.AS,28.579,,,0.915
DSY.PA,31.782,-27.569,-30.035,0.831
BT-A.L,29.979,-49.107,-43.578,0.491
HLMA.L,26.883,-17.063,-36.163,0.897
HNR1.DE,19.429,-40.833,-20.034,0.686
PGHN.SW,29.006,-39.079,-40.46,1.448
KRX.IR,30.411,-34.219,-54.17,1.265
EPI-A.ST,28.111,-30.318,-34.685,1.336
SHL.DE,23.598,-29.458,-34.212,1.232
NESTE.HE,45.115,-41.285,-24.231,0.303
EDP.LS,24.263,-34.707,-19.525,0.666
FBK.MI,25.446,-36.422,-30.921,1.157
ALFA.ST,22.238,-37.022,-30.095,1.126
TEF.MC,21.188,-54.037,-33.326,0.519
ELE.MC,19.532,-33.882,-25.357,0.479
SGRO.L,26.738,-25.354,-46.357,1.023
BG.VI,23.501,-48.756,-26.039,1.082
UPM.HE,24.215,-25.725,-23.108,0.83
INF.L,20.324,-58.314,-16.01,1.003
WRT1V.HE,30.746,-50.033,-47.156,1.281
VNA.DE,31.043,-21.599,-50.736,0.998
KRZ.IR,21.096,-25.921,-26.862,0.556
BESI.AS,48.829,-43.802,-46.285,1.4
TRN.MI,15.323,-25.353,-22.942,0.487
ESSITY-B.ST,18.357,-17.914,-24.962,0.434
BOL.ST,36.212,-42.556,-35.025,1.696
TIT.MI,32.743,-46.338,-61.936,0.997
KOG.OL,41.451,-32.746,-20.444,0.725
SOON.SW,25.855,-39.043,-43.773,1.114
LOGN.SW,33.55,-29.663,-41.819,1.232
CLNX.MC,29.7,-22.778,-36.167,1.09
KNIN.SW,25.211,-23.212,-29.484,1.021
ENX.PA,18.839,-26.358,-25.987,0.495
STMN.SW,33.404,-43.487,-50.761,1.521
SY1.DE,23.155,-19.725,-22.456,0.79
EN.PA,20.656,-38.964,-20.147,0.793
PST.MI,18.787,-40.292,-29.679,0.862
AGS.BR,16.178,-50.606,-22.137,0.766
IAG.L,32.97,-86.367,-45.791,1.334
UU.L,21.154,-23.781,-26.734,0.355
RI.PA,26.808,-28.429,-16.634,1.012
METSO.HE,33.58,-51.689,-34.788,1.673
ADM.L,23.88,-13.691,-45.278,0.366
HEN3.DE,20.315,-28.628,-27.009,0.699
CCH.L,22.794,-42.676,-41.474,0.594
SCHP.SW,16.588,-22.261,-36.136,0.727
PEO.WA,30.122,-59.724,-52.676,1.03
UNI.MI,27.751,-47.778,-23.993,1.234
SRG.MI,15.264,-31.041,-22.08,0.43
DPLM.L,24.86,-35.89,-31.535,0.891
SGE.L,27.901,-29.115,-24.376,0.62
ITRK.L,29.509,-28.055,-35.152,1.167
KGH.WA,39.768,-48.04,-50.87,1.682
BCP.LS,27.867,-63.166,-37.115,0.972
ASRNL.AS,19.768,-47.68,-17.461,0.797
CA.PA,21.918,-20.893,-30.566,0.456
AKRBP.OL,28.75,-64.948,-24.937,0.13
SPSN.SW,12.144,-34.996,-20.871,0.275
FORTUM.HE,27.308,-43.239,-59.07,0.501
NTGY.MC,20.94,-35.64,-21.318,0.375
CARL-B.CO,23.468,-30.512,-28.158,0.866
OMV.VI,21.623,-58.018,-35.462,0.371
BKT.MC,24.026,-51.735,-26.321,0.801
SN.L,25.266,-32.202,-23.749,0.882
EVO.ST,29.584,-28.96,-38.423,0.495
NHY.OL,30.14,-36.865,-35.207,1.014
FGR.PA,25.19,-45.376,-14.494,1.084
URW.PA,25.721,,,1.234
MAERSK-B.CO,41.03,-42.933,-39.532,0.721
BVI.PA,21.705,-33.712,-17.824,1.017
ALE.WA,32.823,,-54.051,0.876
TELIA.ST,19.393,-24.639,-32.338,0.036
AGN.AS,22.52,-54.942,-24.021,1.111
SMIN.L,21.715,-46.525,-13.308,1.033
BNZL.L,24.204,-32.068,-16.832,0.32
AKZA.AS,30.096,-45.576,-40.237,1.195
MONC.MI,31.989,-31.452,-38.397,1.37
G1A.DE,20.404,-42.603,-29.666,0.928
RTO.L,33.402,-28.816,-19.018,0.855
SOBI.ST,30.775,-34.52,-15.664,1.147
PZU.WA,20.685,-48.139,-33.444,0.657
AC.PA,27.708,-49.333,-37.841,1.418
IMI.L,21.965,-42.344,-36.551,1.125
BEZ.L,33.662,-51.074,-18.57,0.319
ORNBV.HE,27.436,-28.416,-17.785,0.788
SDLF.L,22.772,-36.401,-23.236,0.961
LISP.SW,20.451,-16.559,-22.773,0.349
SVT.L,22.064,-20.23,-26.908,0.413
STLAM.MI,43.223,-53.02,-33.303,1.843
MNG.L,19.063,-56.117,-25.961,0.967
PSON.L,21.853,-33.886,-9.813,0.228
RBI.VI,34.836,-45.591,-59.469,1.506
GALP.LS,33.387,-53.922,-22.329,0.476
MKS.L,29.492,-60.28,-63.422,0.73
ERF.PA,30.847,-17.009,-38.4,1.119
ORSTED.CO,49.257,-22.459,-34.171,0.538
COLO-B.CO,23.67,-20.187,-29.943,0.636
CNA.L,25.652,-65.744,-23.6,0.459
INDU-C.ST,19.961,-26.877,-21.873,1.249
TEL2-B.ST,20.045,-26.292,-33.326,0.237
MICC.AS,,,,
WEIR.L,25.392,-54.05,-28.623,1.287
TEL.OL,17.984,-15.804,-34.419,0.165
WISE.L,36.054,,-54.081,0.854
LI.PA,17.911,-67.299,-27.218,0.599
GTT.PA,26.493,-46.318,-24.898,0.344
MOWI.OL,20.905,-33.682,-47.973,0.54
SKA-B.ST,22.38,-37.704,-40.953,0.999
RXL.PA,28.763,-55.175,-28.314,1.463
SKF-B.ST,26.398,-35.052,-33.449,1.375
BEAN.SW,34.489,-27.572,-41.401,1.267
CON.DE,30.201,-51.798,-50.309,1.269
TREL-B.ST,24.842,-46.392,-33.155,1.312
FME.DE,28.209,-25.396,-57.595,0.709
PNDORA.CO,36.735,-43.796,-54.288,1.018
HEIO.AS,22.031,-30.276,-21.018,0.891
TEN.MI,28.817,-60.79,-24.891,0.639
STB.OL,18.546,-50.04,-24.656,0.678
HSX.L,25.39,-52.003,-16.16,0.709
QIA.DE,25.326,-13.939,-13.058,0.614
SPIE.PA,28.644,-58.5,-18.455,1.096
BNR.DE,26.48,-36.844,-27.95,1.035
TLX.DE,24.648,-46.545,-18.861,1.059
ACLN.SW,30.284,,,0.779
ADDT-B.ST,30.671,-36.111,-31.969,1.289
TKA.DE,51.374,-68.829,-57.989,1.296
FRO.OL,43.815,-53.987,-18.503,0.561
EBP.WA,28.69,-60.952,-47.679,0.808
EXO.AS,21.74,,,1.248
DHER.DE,69.016,-24.123,-66.11,1.687
EDEN.PA,40.071,-29.143,-14.896,1.069
SDR.L,29.873,-34.132,-38.807,0.995
PSPN.SW,11.862,-31.628,-21.29,0.154
HOT.DE,33.902,-57.761,-31.962,1.276
LTMC.MI,27.577,,,0.361
HM-B.ST,30.35,-46.497,-43.382,1.137
YAR.OL,25.407,-18.486,-23.248,0.413
SBRY.L,23.235,-21.859,-43.087,0.536
MRO.L,36.864,-69.407,-40.939,1.428
GAW.L,28.378,-45.986,-41.474,0.722
NKT.CO,29.811,-33.333,-15.479,0.899
SECU-B.ST,22.021,-39.413,-27.512,0.681
BEI.DE,23.241,-21.263,-7.961,0.796
SUBC.OL,31.079,-57.371,-25.865,0.55
KBX.DE,26.421,-23.677,-51.028,1.268
FRES.L,46.847,-23.645,-25.048,1.176
LIFCO-B.ST,26.534,-45.305,-39.747,1.261
DCC.L,24.348,-34.965,-36.59,0.996
STJ.L,41.322,-40.253,-41.909,1.313
KCR.HE,32.696,-54.678,-43.891,1.459
ALSYDB.CO,26.96,-43.731,-21.658,0.966
TRYG.CO,15.311,-23.687,-13.51,0.518
SCA-B.ST,21.588,-22.208,-34.936,0.722
ORK.OL,19.973,-11.683,-20.0,0.366
ABF.L,24.663,-39.695,-40.997,0.65
ELI.BR,30.251,-26.747,-25.526,0.639
KGF.L,32.1,-42.397,-41.659,1.122
LPP.WA,41.002,-45.768,-56.532,1.121
ICG.L,31.189,-61.614,-52.967,1.614
IDR.MC,39.452,-54.344,-27.122,1.127
RILBA.CO,20.039,-33.346,-21.078,0.799
STERV.HE,32.843,-36.997,-33.435,1.29
ACKB.BR,18.461,-29.08,-25.211,0.876
AED.BR,22.146,-39.481,-34.082,0.765
KESKOB.HE,19.644,-36.361,-34.373,0.479
ABVX.PA,331.524,-46.894,-77.69,2.238
JYSK.CO,22.307,-44.957,-22.287,0.872
SPX.L,28.354,-16.07,-39.969,1.284
BAB.L,33.663,-65.849,-26.488,1.131
SSAB-B.ST,36.063,-41.598,-31.835,1.577
SRT3.DE,45.28,-23.443,-42.203,1.969
ELISA.HE,18.014,-25.19,-17.79,0.087
IPN.PA,24.388,-51.233,-27.394,0.67
RNO.PA,32.226,-62.208,-39.835,1.166
REC.MI,19.243,-17.426,-34.181,0.764
SPM.MI,40.949,-69.248,-88.251,0.988
EMSN.SW,19.059,-18.654,-38.43,0.749
G24.DE,23.785,-24.372,-22.677,0.554
INDT.ST,32.66,-32.183,-35.701,1.404
ALO.PA,45.553,-26.749,-49.896,1.263
GBLB.BR,15.738,-35.448,-25.78,0.895
UHR.SW,33.424,-36.984,-25.275,1.145
SYENS.BR,39.042,,,1.111
IMCD.AS,31.181,-29.099,-33.423,1.096
AMUN.PA,24.643,-34.157,-37.109,1.373
AM.PA,29.805,-43.412,-28.44,0.891
LAND.L,24.316,-50.753,-36.867,0.976
BGEO.L,35.558,-56.665,-33.209,1.22
NEX.PA,34.362,-46.592,-19.979,1.031
DIM.PA,44.066,-20.33,-31.576,1.736
GET.PA,17.575,-43.846,-23.931,0.749
ISS.CO,25.615,-54.536,-25.768,0.756
NIBE-B.ST,39.821,-30.064,-41.936,1.483
IGG.L,26.244,-17.522,-18.62,0.554
BBY.L,22.358,-31.425,-18.801,0.935
IG.MI,18.724,-28.874,-23.082,0.583
ANDR.VI,26.506,-32.917,-23.319,1.257
SAVE.ST,26.292,,-34.602,1.008
MRL.MC,22.201,-55.815,-21.938,0.951
VOE.VI,31.417,-43.81,-45.32,1.507
ZAL.DE,42.698,-34.485,-70.89,1.436
BTRW.L,30.854,-55.858,-53.725,1.189
SCR.PA,31.59,-49.779,-51.598,1.304
LOTB.BR,26.043,-11.184,-22.307,0.574
JMT.LS,26.576,-20.244,-19.174,0.381
GJF.OL,19.005,-21.791,-15.956,0.499
SQN.SW,32.036,-25.111,-47.781,1.163
ANA.MC,32.349,-31.402,-20.338,1.196
BMED.MI,22.752,-52.978,-29.749,1.199
AUTO.L,25.358,-37.542,-31.937,0.526
CTEC.L,27.546,-25.602,-14.542,0.874
ABDN.L,31.856,-42.641,-45.892,1.425
SB1NO.OL,16.953,-46.498,-24.407,0.664
BEIJ-B.ST,33.358,-43.305,-28.642,1.35
EVK.DE,26.714,-33.383,-39.238,0.902
P911.DE,31.717,,,1.213
SBMO.AS,28.887,-34.973,-19.987,0.56
BLND.L,26.398,-50.064,-39.394,0.988
PAH3.DE,24.132,-51.761,-42.914,1.159
NDX1.DE,43.55,-51.836,-52.378,0.633
HWDN.L,27.053,-39.754,-46.65,1.262
SW.PA,25.191,-45.391,-22.657,0.325
LHA.DE,33.939,-55.422,-26.22,1.364
WTB.L,23.711,-51.881,-29.007,0.703
LMP.L,19.638,-36.07,-38.78,0.799
WDP.BR,22.597,-31.893,-38.709,0.974
CRDA.L,29.518,-21.056,-37.487,1.233
GETI-B.ST,28.353,-20.203,-51.697,0.965
TPRO.MI,51.137,,,1.709
WPP.L,41.359,-54.816,-39.003,1.013
UMI.BR,43.664,-30.273,-30.357,1.446
HAG.DE,53.325,,-29.375,1.428
RMV.L,28.954,-39.088,-39.963,0.551
VAR.OL,32.735,,,-0.162
MBK.WA,33.46,-70.863,-61.095,1.062
GALE.SW,14.64,-18.451,-12.314,0.311
EMG.L,28.179,-36.842,-23.344,1.112
AZA.ST,28.084,-27.565,-47.363,1.08
ROR.L,42.239,-42.878,-35.581,0.905
NDA.DE,35.893,-36.794,-54.053,0.979
RED.MC,16.428,-27.949,-22.573,0.347
SOF.BR,24.261,-24.749,-57.034,1.098
PSN.L,29.849,-50.564,-56.612,1.246
AVOL.SW,31.336,-74.69,-38.02,1.56
BRBY.L,47.155,-50.236,-25.037,1.592
UNI.MC,25.56,-57.252,-26.894,0.864
VALMT.HE,32.959,-34.892,-42.418,1.203
FHZN.SW,17.387,-40.368,-20.588,0.702
INVP.L,25.266,-63.594,-27.579,1.108
CAST.ST,24.012,-39.023,-50.145,1.008
GF.SW,28.952,-40.01,-34.829,1.256
DIE.BR,31.079,-33.552,-29.51,0.99
AZM.MI,24.049,-55.268,-39.752,1.312
VER.VI,23.833,-34.327,-29.562,0.184
ADEN.SW,35.93,-43.297,-41.912,1.232
LUND-B.ST,18.17,-18.022,-18.813,1.077
SOI.PA,81.118,-37.74,-42.515,2.119
BARN.SW,37.684,-20.537,-19.974,0.522
BCVN.SW,16.61,-14.149,-10.422,0.392
MYCR.ST,33.481,-46.07,-39.002,1.016
AKE.PA,31.216,-35.753,-42.364,1.357
ZAB.WA,32.007,,,0.698
MAP.MC,20.492,-43.983,-19.655,0.856
SIGN.SW,35.888,-18.078,-23.703,1.039
INPST.AS,36.74,,-48.143,0.941
TE.PA,32.414,,-35.677,1.018
ZEG.L,217.475,-30.2,-15.73,2.762
ATS.VI,72.533,-53.86,-43.522,2.482
SECT-B.ST,32.454,-20.925,-37.061,0.743
ELIS.PA,25.651,-58.422,-36.138,1.085
CCC.L,29.191,-45.208,-38.765,0.778
GL9.IR,31.127,-27.475,-18.122,0.637
BKG.L,23.553,-38.081,-31.111,0.766
EDPR.LS,34.613,-28.67,-24.837,0.972
DNP.WA,32.895,-17.566,-23.624,0.493
AYV.PA,36.83,-46.839,-28.534,1.407
AIXA.DE,50.986,-39.299,-17.061,1.158
A2A.MI,21.878,-45.057,-39.374,0.731
AALB.AS,32.182,-54.791,-41.094,1.497
LEG.DE,30.346,-26.35,-49.325,0.915
SALM.OL,29.618,-31.842,-58.013,0.521
ENG.MC,19.025,-33.276,-28.126,0.354
RAND.AS,28.642,-47.647,-27.657,1.1
NEM.DE,35.153,-46.872,-50.557,0.989
FLS.CO,33.754,-46.566,-28.469,1.461
TEMN.SW,39.368,-40.889,-58.101,0.64
INCH.L,26.358,-40.98,-28.296,0.817
BGN.MI,21.622,-47.878,-31.491,1.064
DEMANT.CO,31.49,-40.399,-46.01,1.174
MNDI.L,32.302,-30.758,-29.964,1.099
BBOX.L,23.813,-29.561,-47.278,1.006
RS1.L,28.322,-34.097,-30.125,1.215
VEND.OL,33.921,-37.124,-52.376,0.42
TEP.PA,45.878,-29.222,-49.432,1.055
GFC.PA,19.956,-42.013,-31.322,0.742
TUB.BR,39.312,-27.32,-33.723,1.262
VK.PA,33.208,-89.192,-37.153,0.74
LAGR-B.ST,30.737,-38.369,-33.409,1.436
CDR.WA,38.192,-39.686,-58.294,1.149
AKER.OL,27.067,-65.76,-24.14,0.548
KBCA.BR,19.16,-48.734,-20.124,0.842
DRX.L,28.195,-56.723,-41.649,0.696
MANTA.HE,22.221,,,0.708
CPR.MI,28.736,-35.809,-27.712,0.829
ENT.L,42.464,-61.289,-37.122,1.138
BIM.PA,24.865,-19.659,-27.344,0.77
ALLN.SW,11.117,-20.554,-33.857,0.225
OCTV-SDB.ST,,,,
R3NK.DE,60.622,,,1.484
CVC.AS,35.939,,,1.34
ING.WA,27.053,-50.435,-51.551,0.825
EVD.DE,33.023,-48.157,-38.484,0.828
SRP.L,22.675,-35.122,-18.689,0.657
BFT.WA,27.996,-47.944,-30.792,0.716
ALK-B.CO,32.177,-34.428,-40.75,0.664
LOOMIS.ST,27.116,-51.905,-17.397,0.872
JMAT.L,32.609,-43.714,-22.989,1.135
TW.L,26.626,-56.454,-49.097,1.051
BZU.MI,31.698,-37.13,-25.105,1.197
AAK.ST,24.27,-27.148,-22.68,0.513
SAGA-B.ST,27.129,-41.89,-41.028,1.101
ARCAD.AS,32.642,-48.177,-21.099,0.88
FNTN.DE,21.888,-35.177,-23.944,0.352
MIL.WA,34.354,-64.935,-64.207,0.892
RUI.PA,26.848,-48.365,-23.735,0.912
FR.PA,43.81,-58.374,-46.923,1.818
KGX.DE,43.353,-42.253,-78.944,1.888
RAA.DE,25.537,-40.698,-50.994,1.118
HER.MI,19.608,-36.96,-40.823,0.843
QQ.L,40.15,-39.031,-14.572,0.885
ITV.L,29.684,-63.672,-53.656,0.864
PIRC.MI,21.807,-40.283,-47.809,0.953
HUH1V.HE,21.696,-40.817,-25.632,0.902
TCAP.L,25.048,-53.56,-32.991,0.625
IP.MI,31.606,-31.789,-47.005,1.641
ACP.WA,34.88,-16.904,-17.912,1.145
CWK.L,15.863,-19.709,-29.424,0.513
BALD-B.ST,31.266,-44.755,-65.241,1.094
SFZN.SW,28.288,-30.556,-31.346,1.052
HUBN.SW,34.821,-37.516,-13.977,0.792
BC8.DE,39.121,-34.867,-43.686,1.423
PLUS.L,26.702,-18.746,-13.781,0.333
GRF.MC,47.038,-36.59,-59.095,1.335
ACX.MC,27.382,-40.306,-33.204,1.293
BAMNB.AS,38.445,-60.336,-41.399,1.4
ADP.PA,28.504,-59.416,-17.304,1.142
AAF.L,32.677,-56.688,-33.26,0.835
TUI1.DE,42.231,-73.097,-63.776,1.553
SUNN.SW,,,,
SBNOR.OL,18.418,-31.436,-22.232,0.534
VSURE.ST,,,,
BC.MI,33.165,-37.356,-32.362,1.311
MTO.L,32.76,-62.032,-26.016,0.777
HIK.L,26.412,-18.125,-43.895,0.615
NEXI.MI,38.304,-42.766,-47.578,1.492
TBCG.L,33.06,-51.347,-40.373,1.211
TGS.OL,38.933,-66.036,-27.183,0.487
REY.MI,30.149,-38.383,-34.827,1.052
NOD.OL,52.52,-45.419,-51.539,1.344
UTG.L,22.672,-47.984,-34.086,0.604
BWY.L,31.84,-55.632,-47.282,1.228
PNN.L,33.76,-21.677,-34.013,0.653
BKW.SW,19.788,-15.965,-14.323,0.438
SDF.DE,33.439,-53.134,-47.662,0.479
IFCN.SW,32.059,-35.243,-47.917,1.458
BOL.PA,18.391,-42.793,-13.35,0.697
AG1.DE,62.173,,-67.402,2.061
IVG.MI,34.979,,-55.738,1.088
VZN.SW,21.375,-28.267,-29.338,0.809
VPK.AS,21.727,-18.662,-38.591,0.342
ALLFG.AS,31.319,,-61.094,1.002
SUN.SW,28.693,-53.44,-33.389,1.286
DLG.MI,32.723,-33.862,-51.267,1.51
FDJU.PA,22.523,-37.387,-19.932,0.584
MOBN.SW,11.185,-24.608,-31.732,0.279
FPE3.DE,25.625,-36.044,-36.333,0.872
LATO-B.ST,24.049,-29.896,-48.731,1.261
RBREW.CO,29.443,-42.158,-48.255,0.711
VATN.SW,13.606,-32.543,-11.105,0.247
COV.PA,26.101,-52.207,-33.471,0.989
CMBN.SW,16.961,-36.048,-16.009,0.513
FTK.DE,37.754,-31.129,-70.244,1.156
SCYR.MC,21.327,-59.058,-20.854,1.192
COTN.SW,44.676,-41.199,-53.062,1.861
SWEC-B.ST,29.301,-36.134,-46.91,1.074
KMAR.OL,,,,
HOLM-B.ST,18.262,-25.144,-30.188,0.685
VIS.MC,16.462,-11.058,-11.722,0.216
SHC.L,23.666,-62.026,-44.879,0.964
CSG.AS,,,,
SFSN.SW,20.611,-30.855,-37.372,0.847
GBF.DE,38.935,-62.145,-21.921,1.293
PHP.L,20.331,-14.689,-32.918,0.577
QLT.L,28.065,-37.883,-49.392,1.296
TEG.DE,34.648,-32.508,-73.524,1.066
HIAB.HE,42.832,-51.44,-41.119,1.194
TOM.OL,47.183,-22.662,-47.439,1.526
PUM.DE,49.3,-41.241,-55.709,1.403
ROCK-B.CO,33.41,-40.114,-56.353,1.332
SOP.PA,38.464,-45.916,-26.049,1.222
WIE.VI,32.703,-51.541,-36.775,1.544
ZEAL.CO,59.899,-45.952,-48.785,1.846
TPE.WA,38.719,-47.346,-49.508,0.849
PUIG.MC,29.808,,,0.685
DKSH.SW,20.048,-21.597,-17.033,0.891
PAF.L,52.956,-26.154,-30.194,1.072
BPT.L,40.609,,-57.605,1.663
JD.L,46.904,-56.85,-55.989,1.502
AXFO.ST,23.573,-18.57,-24.461,0.299
FRA.DE,29.088,-57.308,-45.201,1.0
KTY.WA,24.908,-21.75,-27.013,0.949
HOC.L,57.802,-53.955,-61.582,1.258
DLN.L,25.224,-44.592,-43.551,0.838
KEMIRA.HE,23.193,-37.237,-17.398,0.826
LIGHT.AS,32.684,-52.405,-45.614,0.996
THULE.ST,33.486,-35.861,-59.816,1.411
AMV0.DE,,,,
BUCN.SW,20.146,-32.889,-33.72,1.0
BAKKA.OL,29.186,-34.024,-35.547,0.561
WIHL.ST,23.342,-41.759,-38.025,0.786
SESG.PA,47.068,-59.639,-36.663,0.822
