,benchmark
2020-06-09,-0.0035368064693231615
2020-06-10,-0.0005242796573312476
2020-06-11,-0.014017517969571519
2020-06-12,0.0038735096020673394
2020-06-15,-0.00484068894556502
2020-06-16,0.013994254101222327
2020-06-17,0.0019718631490760873
2020-06-18,-0.00039339378053010324
2020-06-19,0.005519804361013014
2020-06-22,-0.004869687399595112
2020-06-23,0.0034277583000524724
2020-06-24,-0.009603999398555154
2020-06-25,0.00012568766776341908
2020-06-26,-0.001750053904135593
2020-06-29,0.002119417315154978
2020-06-30,0.0035309673929898857
2020-07-01,0.0007638538021720129
2020-07-02,0.010078979814546448
2020-07-03,-0.0004780857236654856
2020-07-06,0.005618847379159129
2020-07-07,-0.0007845005639048858
2020-07-08,0.0005526672358685973
2020-07-09,-0.0014215075191148462
2020-07-10,0.003067146385042329
2020-07-13,0.004024212555738536
2020-07-14,-0.008216036165458952
2020-07-15,0.005677930573879788
2020-07-16,-0.003963943035994496
2020-07-17,0.003085095567647823
2020-07-20,0.0037224467138015785
2020-07-21,0.006859538505578912
2020-07-22,-0.005112702666291086
2020-07-23,0.0034632701788202967
2020-07-24,-0.010166959676573634
2020-07-27,-0.00012245950100273092
2020-07-28,0.007719006324432613
2020-07-29,-0.0018033692844063158
2020-07-30,-0.005579001789877631
2020-07-31,-0.0017638304748481392
2020-08-03,0.009655268420496516
2020-08-04,0.0020738949853895956
2020-08-05,0.001731675100248307
2020-08-06,0.0006556125720920866
2020-08-07,0.001957381366556098
2020-08-10,0.001207735953063443
2020-08-11,-0.0024633148114230874
2020-08-12,0.0011956434539724392
2020-08-13,-0.0033513063067367455
2020-08-14,-0.0013632851187331668
2020-08-17,0.003996070822911503
2020-08-18,-0.0031383544476939126
2020-08-19,0.0007999484127962605
2020-08-20,-0.0025108859970132892
2020-08-21,0.003308510448163725
2020-08-24,0.004575098857930137
2020-08-25,-0.0018090456564579301
2020-08-26,0.0037073196200347897
2020-08-27,0.0001811589304010871
2020-08-28,-0.0009481435353256867
2020-09-01,0.002846955990449552
2020-09-02,0.007238779486707501
2020-09-03,-0.009699668017790358
2020-09-04,-0.009130092171782742
2020-09-07,0.00368018247064427
2020-09-08,-0.007840301553857615
2020-09-09,0.0069457978085793294
2020-09-10,-0.0023920230094750536
2020-09-11,-0.0005327987597328245
2020-09-14,0.004872951898389542
2020-09-15,0.005293653295737759
2020-09-16,0.0032241066591683146
2020-09-17,-0.005596246405546735
2020-09-18,-0.0033486234440394396
2020-09-21,-0.011290893508889302
2020-09-22,0.0042806087936442605
2020-09-23,0.001409247842452652
2020-09-24,-0.005450805982133741
2020-09-25,0.003080742971524577
2020-09-28,0.008539601436122054
2020-09-29,-0.0030766621684385474
2020-09-30,0.0019187215460113682
2020-10-01,0.004972228920827308
2020-10-02,-0.0003083092239410511
2020-10-05,0.002176945448815019
2020-10-06,0.002784280499142209
2020-10-07,0.0011247382719897132
2020-10-08,0.005054369158355693
2020-10-09,0.004071744354274902
2020-10-12,0.005700046505707238
2020-10-13,-0.0004370034323414519
2020-10-14,0.0015342364876456773
2020-10-15,-0.005689871781973764
2020-10-16,0.00522460210223158
2020-10-19,-0.003092246711900526
2020-10-20,-0.0028447221625187017
2020-10-21,0.00032860170794629857
2020-10-22,8.605040409303448e-05
2020-10-23,0.0008892433412600799
2020-10-26,-0.005647671810386999
2020-10-27,0.004139674867498576
2020-10-28,-0.011257363725797644
2020-10-29,0.004292054097314745
2020-10-30,-0.0021668973157411655
2020-11-02,0.007815738631101972
2020-11-03,0.004598458068462142
2020-11-04,0.010027012729702248
2020-11-05,0.005417918494232931
2020-11-06,-0.0014237423083384958
2020-11-09,0.008960636244422662
2020-11-10,-0.006509253720419451
2020-11-11,0.006416115024929024
2020-11-12,-0.0014509572850746305
2020-11-13,-0.00045013658031336915
2020-11-16,0.006811389836415294
2020-11-17,-0.0013051983864743055
2020-11-18,0.0009535511259068729
2020-11-19,-0.004490429018833587
2020-11-20,0.00534307148121299
2020-11-23,-0.0018760902750287565
2020-11-24,0.005523735392992332
2020-11-25,-0.002030648246351463
2020-11-26,-0.0021213079183351772
2020-11-27,-0.0014973172367353735
2020-11-30,-0.0032465937056878995
2020-12-01,0.0018043113179817905
2020-12-02,-0.0031818729027835438
2020-12-03,0.002839447977060123
2020-12-04,8.772552452172306e-05
2020-12-07,0.002163817079799292
2020-12-08,0.0015740730202652956
2020-12-09,-0.001264109713580122
2020-12-10,-0.0023458532743758803
2020-12-11,-0.002118899280115257
2020-12-14,0.0016026972560901737
2020-12-15,0.000718653052646176
2020-12-16,0.005302625684261257
2020-12-17,0.006598985982659169
2020-12-18,-0.002906064828184352
2020-12-21,-0.0060049175554815395
2020-12-22,0.00362904681111988
2020-12-23,0.0020081528001836407
2020-12-29,0.00142316965156276
2020-12-30,0.002654010796813291
2021-01-04,0.006088198578294555
2021-01-05,0.002537936432914543
2021-01-06,0.007119137252663872
2021-01-07,0.0035245385106324628
2021-01-08,0.00708399193564873
2021-01-11,-0.008001868844937051
2021-01-12,0.0014189597123745242
2021-01-13,0.0035911352885725396
2021-01-14,0.007459853744290046
2021-01-15,-0.005481878530502926
2021-01-18,0.002543888092881438
2021-01-19,0.0007882197735940829
2021-01-20,0.005304031014815836
2021-01-21,-0.00432444503181007
2021-01-22,-0.0034215308964460913
2021-01-25,0.00479315166052821
2021-01-26,-0.001633801762939065
2021-01-27,-0.005881947808222264
2021-01-28,0.0020463419682639375
2021-01-29,-0.004293033748343924
2021-02-01,0.004987958610919325
2021-02-02,0.009280557753254606
2021-02-03,0.004228132361865473
2021-02-04,4.231664821363397e-05
2021-02-05,0.002355909571307277
2021-02-08,0.005467040122809019
2021-02-09,0.0011216366876293615
2021-02-10,-0.002301249341523875
2021-02-11,0.005664211877849891
2021-02-12,-0.00013660246817347996
2021-02-15,0.0020355021571542005
2021-02-16,-0.0030198853516395546
2021-02-17,-3.817516629711378e-05
2021-02-18,-0.003848523091074983
2021-02-19,0.002055939358889463
2021-02-22,-0.006991683065052654
2021-02-23,-0.007168922751377425
2021-02-24,0.0021653961376041733
2021-02-25,-0.00662117690408138
2021-02-26,-0.007155106977757778
2021-03-01,0.012695896534453927
2021-03-02,-0.0044404481606597854
2021-03-03,-0.0005651139410530911
2021-03-04,-0.001652564719360998
2021-03-05,-0.005769196710453343
2021-03-08,0.011933705052488398
2021-03-09,0.008354022497846041
2021-03-10,0.0024534584719587784
2021-03-11,0.005999523503741922
2021-03-12,-0.004430448134919589
2021-03-15,0.0029816002635372663
2021-03-16,0.003874346333410541
2021-03-17,-0.005680170338748197
2021-03-18,0.00260657366018944
2021-03-19,-0.0005484833382177497
2021-03-22,-0.0010273263419856207
2021-03-23,0.0012202110674279542
2021-03-24,0.0008474492632768402
2021-03-25,-0.004070994385987104
2021-03-26,0.005084258412522568
2021-03-29,0.0037693042372593986
2021-03-30,0.0012671140847290221
2021-03-31,0.0032320010981873926
2021-04-01,0.004472422059875387
2021-04-06,0.002047007682322219
2021-04-07,-0.005057605275887454
2021-04-08,0.003993781942583262
2021-04-09,-0.0013490840827732522
2021-04-12,-0.00029340623780660434
2021-04-13,0.0021973895637727972
2021-04-14,-0.0004807219366818814
2021-04-15,0.004814011237960039
2021-04-16,0.0009536469028704229
2021-04-19,-0.006303204890767699
2021-04-20,-0.0035094480888568816
2021-04-21,0.003616996415379235
2021-04-22,0.0027348036719857132
2021-04-23,-0.003233459033030819
2021-04-26,0.0005083991980498584
2021-04-27,0.00058524734640222
2021-04-28,-0.0011566361460104823
2021-04-29,-0.0030649510915596043
2021-04-30,0.0027119643248712743
2021-05-04,-0.005532422954238547
2021-05-05,0.0049846229397942305
2021-05-06,-0.0002572278237392877
2021-05-07,0.00354873055023145
2021-05-10,-0.0023161692284929024
2021-05-11,-0.008714196833856639
2021-05-12,-0.002450550432591871
2021-05-13,-0.0033368527851206117
2021-05-14,0.003827092354127593
2021-05-17,-0.0027971514243178065
2021-05-18,0.0008485964589418237
2021-05-19,-0.00930166313991894
2021-05-20,0.008723714354151013
2021-05-21,-0.0005590479072482647
2021-05-25,0.0032470597147291995
2021-05-26,0.003548599064518202
2021-05-27,0.00021982041700765645
2021-05-28,0.001189856373237444
2021-06-01,0.0006527331265012444
2021-06-02,0.002574199975177893
2021-06-03,-0.0008570756283362399
2021-06-04,0.0028952242350034066
2021-06-07,-0.0017158868090314764
2021-06-08,-0.001177913181674972
2021-06-09,0.0030093888702745195
2021-06-10,0.0021970970000509066
2021-06-11,0.003418431133954506
2021-06-14,0.0004368319118733301
2021-06-15,-0.001779839018744107
2021-06-16,0.001157662382506668
2021-06-17,7.514718693761638e-05
2021-06-18,-0.004233883716533134
2021-06-21,-0.0016083304188693076
2021-06-22,0.0006730374331663166
2021-06-23,0.00031877427610373923
2021-06-24,0.0031025254279189516
2021-06-25,0.0007220250141636926
2021-06-28,0.0026776459914357284
2021-06-29,0.0010249986529748424
2021-06-30,4.6314988496531114e-05
2021-07-01,0.0005055073965575085
2021-07-02,0.003257036708370197
2021-07-05,-0.0005947425067180675
2021-07-06,0.00042800182364818276
2021-07-07,0.003583459822052954
2021-07-08,-0.009059268944699926
2021-07-09,0.005308432422800283
2021-07-12,0.0014625755024732377
2021-07-13,0.004207372589283891
2021-07-14,-0.0002865201112647484
2021-07-15,-0.00013323975920074776
2021-07-16,-0.00034742370423806475
2021-07-19,-0.00945760097381183
2021-07-20,0.004081742883434328
2021-07-21,0.0034028607254187942
2021-07-22,0.0037908783377929344
2021-07-23,0.0021260420425649597
2021-07-26,-0.00011864103321008367
2021-07-27,-0.005906074023082185
2021-07-28,0.007230406413024906
2021-07-29,0.002718883617036954
2021-07-30,-0.0021987781104710153
2021-08-02,0.001993617149895672
2021-08-03,-0.002408793772755614
2021-08-04,0.0028933781578080586
2021-08-05,0.002317665238377153
2021-08-06,0.0006718307082238568
2021-08-09,0.0018802719218262679
2021-08-10,0.002603568871268733
2021-08-11,0.0025170101138431654
2021-08-12,-0.0015968473863451666
2021-08-13,0.0011985868707127402
2021-08-16,-0.0011695660608180255
2021-08-17,-0.0005006564571038434
2021-08-18,0.0008782209682742783
2021-08-19,-0.004821871583160144
2021-08-20,0.005471336609684389
2021-08-23,0.002170243009655608
2021-08-24,0.002843431216353654
2021-08-25,-0.0029748869775344136
2021-08-26,-0.002910926012991524
2021-08-27,0.0028930817740576674
2021-08-31,-0.0001599909353517684
2021-09-01,0.0007739941809846362
2021-09-02,0.0027688273233064343
2021-09-03,-0.00040312969803129006
2021-09-06,0.004040900781876265
2021-09-07,-0.00769099680859124
2021-09-08,-0.0007408012857317353
2021-09-09,0.0014543007253421038
2021-09-10,-0.003097413246860657
2021-09-13,-0.00012587020604519326
2021-09-14,0.0006300355259970716
2021-09-15,-0.0020665171004790087
2021-09-16,-0.0014228436675061864
2021-09-17,-0.0016975395680210413
2021-09-20,-0.009167941498191135
2021-09-21,0.002763480412958254
2021-09-22,0.0029267080740236285
2021-09-23,0.000872611473654642
2021-09-24,-0.0036517675382630728
2021-09-27,0.0029508437504654947
2021-09-28,-0.009293959726827996
2021-09-29,0.0026302218591024006
2021-09-30,0.002177161813969327
2021-10-01,0.0003389472163819375
2021-10-04,-0.00379088450984307
2021-10-05,0.008727057083372168
2021-10-06,-0.0013608996839163771
2021-10-07,0.010372182725777265
2021-10-08,-0.002084294089661567
2021-10-11,0.0020277739106524034
2021-10-12,-0.002202861135626851
2021-10-13,0.0024565414384259926
2021-10-14,0.007984651364377506
2021-10-15,0.003938422550031833
2021-10-18,-0.0005068623843545626
2021-10-19,0.0025075728727203977
2021-10-20,0.004865349616330906
2021-10-21,-0.003873486399377125
2021-10-22,0.001793193590497497
2021-10-25,0.005548193157291545
2021-10-26,0.0012416453648158399
2021-10-27,-0.0017406331907288612
2021-10-28,-0.003080487593310444
2021-10-29,-2.7105660769870446e-05
2021-11-01,0.0010817219290533344
2021-11-02,0.001733681335046555
2021-11-03,-0.002103431560705705
2021-11-04,0.007135458621565928
2021-11-05,0.003721584659052096
2021-11-08,0.0010512617269308152
2021-11-09,-8.427778933683574e-05
2021-11-10,0.004298901801979232
2021-11-11,0.0010822187644146384
2021-11-12,0.0011798897143830615
2021-11-15,0.0024934391706503446
2021-11-16,0.0032144081421147303
2021-11-17,-0.0014207130875724743
2021-11-18,-0.004940337183783489
2021-11-19,0.002515036447362267
2021-11-22,-0.001533192613769006
2021-11-23,-0.00822832399379672
2021-11-24,0.0028273481794975895
2021-11-25,0.003948032176683283
2021-11-26,-0.019974780606851972
2021-11-29,0.006598054055134876
2021-11-30,-0.005504840687427894
2021-12-01,0.006049659603257208
2021-12-02,-0.006821104501276357
2021-12-03,-0.002472119445386943
2021-12-06,0.003144081002009042
2021-12-07,0.01320360458470504
2021-12-08,-0.006506609090963327
2021-12-09,0.0010258824409598952
2021-12-10,-0.0017311716608590692
2021-12-13,-0.0004938593481459171
2021-12-14,-0.005038309159129666
2021-12-15,-0.0007040972295803369
2021-12-16,0.0070427130263515285
2021-12-17,-0.00218793829157042
2021-12-20,-0.01188262366723002
2021-12-21,0.008720857863378607
2021-12-22,0.004225582271865008
2021-12-23,0.003925013648354339
2021-12-29,-0.0035460557825240956
2021-12-30,0.001812277819863765
2022-01-04,0.0026126270462263805
2022-01-05,-0.002931987459967509
2022-01-06,-0.0094414025712805
2022-01-07,-0.0029121590322581706
2022-01-10,-0.0032358162866272964
2022-01-11,0.0063720467841101285
2022-01-12,0.004511427773849628
2022-01-13,-0.0015127181522600972
2022-01-14,-0.0052924483604008645
2022-01-17,0.0017956446802973706
2022-01-18,-0.0038271454682429176
2022-01-19,0.000683988619890556
2022-01-20,0.0076616392398801665
2022-01-21,-0.01064669337104091
2022-01-24,-0.01803183046951834
2022-01-25,0.0058537578428103825
2022-01-26,0.006735391783724373
2022-01-27,0.0007138655288486677
2022-01-28,-0.004865085301642302
2022-01-31,0.008482631759315132
2022-02-01,0.00215721678771483
2022-02-02,0.0002492586982754441
2022-02-03,-0.011344293606818377
2022-02-04,-0.004837871285865815
2022-02-07,0.0006475470548374642
2022-02-08,0.0018675718296562774
2022-02-09,0.007312299392518578
2022-02-10,-0.0043028670881826644
2022-02-11,-0.0037870423786827115
2022-02-14,-0.0012481162644141484
2022-02-15,0.0026591729657767875
2022-02-16,5.144709173822237e-05
2022-02-17,0.0011217583741265594
2022-02-18,-0.004780166944797061
2022-02-21,-0.004947513740266426
2022-02-22,-0.0008066895296714875
2022-02-23,-0.00016113813045559786
2022-02-24,-0.0018800047922035645
2022-02-25,0.007374564254824609
2022-02-28,0.007741035707461317
2022-03-01,0.011496551502833317
2022-03-02,2.1153603931378223e-05
2022-03-03,-0.0002953120345600772
2022-03-04,0.005259884401026801
2022-03-07,0.001060350709664311
2022-03-08,-0.0026529692584575143
2022-03-09,-0.0073497761972943455
2022-03-10,-0.012063726963075923
2022-03-11,0.007249082874445273
2022-03-14,-0.0110846647500492
2022-03-15,0.0015389043366641564
2022-03-16,0.00965382180194457
2022-03-17,0.0030963254485268056
2022-03-18,0.008869600951300701
2022-03-21,-0.0021610420302522124
2022-03-22,0.006768655906210544
2022-03-23,0.0030313336098203632
2022-03-24,0.00029895546519566975
2022-03-25,0.0010269925743588313
2022-03-28,0.0010552901532573402
2022-03-29,0.0004173182896662329
2022-03-30,1.3373620314821071e-06
2022-03-31,0.002247170497104587
2022-04-01,0.00023977489811303725
2022-04-04,0.008896001711375856
2022-04-05,0.00020162123347164596
2022-04-06,-0.00843844931367544
2022-04-07,-0.00288268277413812
2022-04-08,0.005261015849034584
2022-04-11,-0.009238629239762089
2022-04-12,0.0038488085426162306
2022-04-13,-0.000710377580559995
2022-04-14,0.0003869054001057357
2022-04-19,-0.0036007420749924204
2022-04-20,0.0005547779992921194
2022-04-21,-0.00326153573372566
2022-04-22,-0.00945974000431865
2022-04-25,-0.007013532351137244
2022-04-26,0.0010008645462950539
2022-04-27,0.005231628567293818
2022-04-28,0.0017753465791268497
2022-04-29,0.0037030564017542533
2022-05-03,0.005180233772794259
2022-05-04,-0.006462512677046152
2022-05-05,-0.0016329735900236953
2022-05-06,-0.0113816410051007
2022-05-09,-0.014668670087104993
2022-05-10,-0.001932615142092617
2022-05-11,0.008182077930499115
2022-05-12,-0.00228433708107599
2022-05-13,0.008411477269256527
2022-05-16,-0.000289965235101616
2022-05-17,0.0011223580004088604
2022-05-18,-0.005364329376468523
2022-05-19,-0.0038469531018796607
2022-05-20,-0.0021355744657882694
2022-05-23,0.0017990494689342966
2022-05-24,-0.009532098395779506
2022-05-25,0.006474002767705087
2022-05-26,0.005144252821498414
2022-05-27,0.007603551750328635
2022-05-30,0.0028536689157792677
2022-05-31,-0.004124913587655622
2022-06-01,-0.0028421599963311577
2022-06-06,0.004920392928198336
2022-06-07,-0.0017724530713905734
2022-06-08,0.001991973393790795
2022-06-09,-0.007586500208992346
2022-06-10,-0.011534923425514902
2022-06-13,-0.021453594189832614
2022-06-14,-0.008328057601116635
2022-06-15,0.007600366668790923
2022-06-16,-0.013286109906607382
2022-06-17,0.0014795835121460107
2022-06-20,-0.0005922608294200534
2022-06-21,0.004626136760877286
2022-06-22,0.00016533786927191302
2022-06-23,0.007000834245756226
2022-06-24,0.008106911028156583
2022-06-27,-0.0009266196696629241
2022-06-28,-0.00072631279908941
2022-06-29,-0.0011026513302890575
2022-06-30,-0.0044193036005932985
2022-07-01,0.008249990685398082
2022-07-04,-0.0003767412352204351
2022-07-05,-0.0011518318997060272
2022-07-06,0.007971235766898146
2022-07-07,0.010466756879013071
2022-07-08,-0.000255409763904347
2022-07-11,-0.0013325034221150335
2022-07-12,0.000984905329905133
2022-07-13,-0.004551845684392376
2022-07-14,-0.006757544325308427
2022-07-15,0.00648558370644702
2022-07-18,0.0025628783952175234
2022-07-19,-0.00125250065163676
2022-07-20,0.005410827673934264
2022-07-21,-0.00141987028150637
2022-07-22,0.006493097209042947
2022-07-25,-0.001763389887635523
2022-07-26,0.0029957404046414312
2022-07-27,0.003980239190791406
2022-07-28,0.014147851234506107
2022-07-29,0.0030374963423140645
2022-08-01,-0.00145760922580041
2022-08-02,0.001561542184911216
2022-08-03,0.0017209750443889214
2022-08-04,0.0021614063320477567
2022-08-05,-0.0030763968168598466
2022-08-08,0.003983120847276848
2022-08-09,-0.004511125630114248
2022-08-10,0.002550115421731894
2022-08-11,0.004247010280989628
2022-08-12,0.0032835017396059024
2022-08-15,0.005521507607206722
2022-08-16,0.0003928573074038074
2022-08-17,-0.006234401929043021
2022-08-18,0.0030636450584597087
2022-08-19,-0.006926833411805769
2022-08-22,-0.0012891895129489087
2022-08-23,-0.004372626693094547
2022-08-24,0.001260764054671015
2022-08-25,0.0031942599912853278
2022-08-26,-0.008778688743445461
2022-08-30,-0.008879326454194451
2022-08-31,-0.005406101293755607
2022-09-01,-0.004657157276756157
2022-09-02,0.0051673930297078
2022-09-05,-0.0026448423136822383
2022-09-06,-0.0024353367811988805
2022-09-07,-0.00047789134841200615
2022-09-08,0.002924410702413191
2022-09-09,0.004850571782777293
2022-09-12,0.0036382229983744196
2022-09-13,-0.00904928190191573
2022-09-14,-0.0026226730811979362
2022-09-15,-0.007561293888158508
2022-09-16,-0.0070651411013246505
2022-09-20,-0.0029255047215955717
2022-09-21,0.006600228945678471
2022-09-22,-0.009538842608824202
2022-09-23,-0.00717698869804142
2022-09-26,-0.001151926929572449
2022-09-27,-0.0064483067203924774
2022-09-28,0.0021919737059424246
2022-09-29,-0.015188238877461192
2022-09-30,0.0034612654344585774
2022-10-03,0.004521963298269962
2022-10-04,0.011960508029083015
2022-10-05,-0.004061612348240157
2022-10-06,0.0006695194705847958
2022-10-07,-0.01224705640809001
2022-10-10,-0.005368961335280782
2022-10-11,-0.004569621427556878
2022-10-12,-0.003518938906653258
2022-10-13,-0.0009400617656759436
2022-10-14,-0.0011787078781221073
2022-10-17,0.007272320133476576
2022-10-18,-0.0028367953399121635
2022-10-19,-0.003359615698045917
2022-10-20,0.0011130810027813465
2022-10-21,-0.0032959940754692164
2022-10-24,0.001541148362147997
2022-10-25,0.009824747280266366
2022-10-26,0.003475253569873413
2022-10-27,0.006231988067470585
2022-10-28,-0.0019512433928826432
2022-10-31,0.0025679736160606325
2022-11-01,0.004984097318964479
2022-11-02,-0.001032009953516292
2022-11-03,-0.004834272305029892
2022-11-04,0.0012776375002244806
2022-11-07,0.000581351822210484
2022-11-08,0.004846435920882781
2022-11-09,-0.005944815139636982
2022-11-10,0.017073438066201544
2022-11-11,-0.006181443728659437
2022-11-14,0.0010089121420191448
2022-11-15,0.005788155898106601
2022-11-16,-0.003248274198556778
2022-11-17,-0.0023708872246833825
2022-11-18,0.0027115134219442305
2022-11-21,0.0010294557749059947
2022-11-22,0.0025788677297966674
2022-11-23,0.0024610741713752254
2022-11-24,0.004772629664484742
2022-11-25,-0.004416472540418862
2022-11-28,-0.0036709187471369786
2022-11-29,0.002761699449223401
2022-11-30,0.007493740773124741
2022-12-01,0.006930189366998602
2022-12-02,-0.0012450879882232653
2022-12-05,-0.004706335491010845
2022-12-06,-0.0028090985572178664
2022-12-07,-0.0009508413857238897
2022-12-08,0.00030897900344082366
2022-12-09,0.0018560253429083465
2022-12-12,-0.004297457751351603
2022-12-13,0.00701717171334642
2022-12-14,-0.0012453239784199943
2022-12-15,-0.02119609380224
2022-12-16,-0.005918923535637644
2022-12-19,-0.0023402716258284014
2022-12-20,-0.0030801090416390908
2022-12-21,0.007231662609327751
2022-12-22,-0.0063335431164290605
2022-12-23,0.0005240271759524987
2022-12-28,-0.0029657595100751923
2022-12-29,0.005545172371295168
2022-12-30,-0.0052730192945203095
2023-01-03,-0.0013212016274673996
2023-01-04,0.008790345206911103
2023-01-05,-0.004717095866388699
2023-01-06,0.0061897341738493695
2023-01-09,0.003002385945216054
2023-01-10,-0.004934664517434728
2023-01-11,0.005871949209509702
2023-01-12,0.0038388684308260706
2023-01-13,0.0023800708489597777
2023-01-16,0.00278910785335641
2023-01-17,0.004612826655724398
2023-01-18,-0.0019082321782105346
2023-01-19,-0.0046603024031622
2023-01-20,-0.0002647517506373967
2023-01-23,0.007132559263726604
2023-01-24,0.0013777894547011868
2023-01-25,-0.00435355924505236
2023-01-26,0.004001359073838424
2023-01-27,0.0016534601314080483
2023-01-30,-0.004895615333433893
2023-01-31,-0.0012218465331165454
2023-02-01,-0.0005953652878424837
2023-02-02,0.014911135524090013
2023-02-03,-0.006061720184376966
2023-02-06,-0.003589935250397264
2023-02-07,0.001710973358446647
2023-02-08,-0.0026851616160962666
2023-02-09,0.0019055425249744802
2023-02-10,-0.004927063492670499
2023-02-13,0.001797999589827393
2023-02-14,-0.0029976565074088055
2023-02-15,0.0006376293298233342
2023-02-16,0.0034350080365168315
2023-02-17,-0.005760147034006712
2023-02-20,0.003173581320375243
2023-02-21,-0.00837787505702884
2023-02-22,-0.0009086273823311165
2023-02-23,0.0022330881508977043
2023-02-24,-0.006485796687612378
2023-02-27,0.001981053387633249
2023-02-28,-0.0029286007012890775
2023-03-01,-0.004670479570283766
2023-03-02,0.0030791141161305613
2023-03-03,0.007304842725873557
2023-03-06,-0.0008326771941284106
2023-03-07,-0.00482766355775986
2023-03-08,-0.00036243181049479115
2023-03-09,-0.0007971837474113182
2023-03-10,-0.007813721462959515
2023-03-13,0.002381012595283588
2023-03-14,0.004771135956594919
2023-03-15,0.003926235044611007
2023-03-16,0.0011005937478961462
2023-03-17,0.0011109467841047254
2023-03-20,0.002319082384176782
2023-03-21,-0.0020412227260730113
2023-03-22,0.002226306862228563
2023-03-23,0.00279844823256034
2023-03-24,0.0010338902202345112
2023-03-27,-0.003204135681687287
2023-03-28,1.0006639352399806e-05
2023-03-29,0.00566177987654666
2023-03-30,0.00035058506233209586
2023-03-31,0.006063232625585091
2023-04-03,0.0011764046811161685
2023-04-04,-0.002091128078429052
2023-04-05,0.0023972610161728664
2023-04-06,0.0004664249991606017
2023-04-11,0.001259760701493722
2023-04-12,-0.004150286271925065
2023-04-13,-0.0002522025500761722
2023-04-14,-0.0005275380889160832
2023-04-17,0.0023802074266648103
2023-04-18,0.0007156064307109951
2023-04-19,-0.0031702255464944006
2023-04-20,-0.0003891140849679155
2023-04-21,-0.0037595886726305957
2023-04-24,-0.0024584710225836375
2023-04-25,-0.00048715547625672847
2023-04-26,-0.0014205450798830486
2023-04-27,0.00027916760727812056
2023-04-28,0.006631355600074795
2023-05-02,-0.003130862508849823
2023-05-03,-0.001237345531539205
2023-05-04,0.002916215542804295
2023-05-05,0.0019422682412785614
2023-05-09,-0.000255853986971508
2023-05-10,0.0015660539611238654
2023-05-11,0.0010664786004275638
2023-05-12,-0.0009291630375622431
2023-05-15,0.0028436005791452243
2023-05-16,-0.003281468311770409
2023-05-17,3.699813272328354e-05
2023-05-18,0.0013103492000550322
2023-05-19,0.0015612819069534955
2023-05-22,0.0008767815520319897
2023-05-23,-0.0012762919472194562
2023-05-24,-0.00635293651869619
2023-05-25,0.00040628287987797213
2023-05-26,0.005089168845617791
2023-05-30,0.00019770196412698625
2023-05-31,-0.000917271428461239
2023-06-01,0.0023134012375786057
2023-06-02,0.0066725521600424645
2023-06-05,8.731432972656049e-05
2023-06-06,0.002120245656914286
2023-06-07,-0.00251455316052043
2023-06-08,-0.0012322900795150252
2023-06-09,0.0034249671291587285
2023-06-12,-0.0007031569450100209
2023-06-13,0.0016006236746709992
2023-06-14,0.0013493316730095158
2023-06-15,-0.003215300329863166
2023-06-16,0.004657682071527617
2023-06-19,-0.003528283817742655
2023-06-20,-0.001434955672358089
2023-06-21,-0.0016483781940017713
2023-06-22,-0.004454323009295627
2023-06-23,0.002437168324551318
2023-06-26,0.0002123234267987002
2023-06-27,-0.0014545321618537011
2023-06-28,0.0023230872087217315
2023-06-29,-0.0014477349302491154
2023-06-30,0.0031496690864426017
2023-07-03,0.0033965597543027365
2023-07-04,0.001012831436584635
2023-07-05,-0.0012030033921507793
2023-07-06,-0.011875782169724309
2023-07-07,0.0010486255924270311
2023-07-10,-0.003332486210122404
2023-07-11,0.0019996303134381097
2023-07-12,0.0061970515257173025
2023-07-13,0.003504349240365049
2023-07-14,-0.001695965913062766
2023-07-17,-0.0023782157408523265
2023-07-18,0.0036362185787248294
2023-07-19,0.0026297724866331793
2023-07-20,-0.0012997368654480588
2023-07-21,0.003362824828697662
2023-07-24,0.00400646677363245
2023-07-25,0.0034088855501397592
2023-07-26,-0.001567237162268541
2023-07-27,0.004459799415642384
2023-07-28,0.0006476105765293142
2023-07-31,0.0004650498481624649
2023-08-01,-0.002948352191006608
2023-08-02,-0.00706617776143803
2023-08-03,-0.0021413511870586916
2023-08-04,-0.0007344222490609042
2023-08-07,-0.001850149914411367
2023-08-08,0.000505239146765068
2023-08-09,-0.0012442651078983398
2023-08-10,0.002165517135803339
2023-08-11,-0.005761224015967084
2023-08-14,0.0007780948850758671
2023-08-15,-0.0040598066741670815
2023-08-16,-0.0010391511160240362
2023-08-17,-0.0033326511291893704
2023-08-18,-0.0035932210886265746
2023-08-21,-0.0023464137632804405
2023-08-22,0.006097322524321186
2023-08-23,0.007762707266982416
2023-08-24,-0.0002197702175484153
2023-08-25,-0.0010108717400893084
2023-08-29,0.006377710135868347
2023-08-30,-0.003780580599762416
2023-08-31,0.003479918654495279
2023-09-01,0.0007539639929208415
2023-09-04,-0.0008194592240545298
2023-09-05,-0.000503681939865689
2023-09-06,-0.004275877149913672
2023-09-07,0.0010915064384858096
2023-09-08,0.0013812235094102332
2023-09-11,-7.428444565180823e-05
2023-09-12,0.0008405954720833591
2023-09-13,0.0001116147402632124
2023-09-14,0.008196095069121835
2023-09-15,-0.003854835448557152
2023-09-18,-0.002494648767422182
2023-09-19,-0.002373793251981068
2023-09-20,0.0023803144994344397
2023-09-21,-0.00951575205277202
2023-09-22,0.0013808044317542851
2023-09-25,-0.0031041776112922296
2023-09-26,-0.005183183032878669
2023-09-27,-0.001839247999557374
2023-09-28,-0.004626145874792992
2023-09-29,0.003054733758832844
2023-10-02,-0.0047132448666551635
2023-10-03,-0.007497131571638135
2023-10-04,-0.0009007187017450371
2023-10-05,-0.0003853880673762909
2023-10-06,0.003272116659246298
2023-10-09,0.006951435449595001
2023-10-10,0.0068060966570024735
2023-10-11,0.002076029095977596
2023-10-12,0.0006169168599468847
2023-10-13,0.001869991615155561
2023-10-16,0.0014719892066193823
2023-10-17,-0.0027524294557791876
2023-10-18,-0.0034128156008220883
2023-10-19,-0.004135312850484694
2023-10-20,-0.0034514986021252714
2023-10-23,-0.001603879842087174
2023-10-24,0.005995553283851654
2023-10-25,-0.001670626532307529
2023-10-26,-0.0003283337900325446
2023-10-27,-0.002526382027383133
2023-10-30,0.0014761394595919084
2023-10-31,0.0021049012958916204
2023-11-01,0.005390183191237336
2023-11-02,0.00799199853506692
2023-11-03,0.004734153203200945
2023-11-06,-0.0030668491893006988
2023-11-07,0.0015576728835255927
2023-11-08,-0.0019373795633218975
2023-11-09,0.0016829847553672865
2023-11-10,-0.002246811459120578
2023-11-13,0.00146940294457399
2023-11-14,0.006152381141351524
2023-11-15,0.0021164244744308752
2023-11-16,-0.001213202614246543
2023-11-17,-0.00018838259705747758
2023-11-20,0.0016225165246662157
2023-11-21,0.0015981841405587767
2023-11-22,0.0017149007599697908
2023-11-23,0.0005141331004781222
2023-11-24,-0.0010164137522356814
2023-11-27,0.000425713709996889
2023-11-28,0.0018461475886874022
2023-11-29,0.0015844886006705027
2023-11-30,0.0013130750206968168
2023-12-01,0.007796531538505259
2023-12-04,3.718449078200419e-05
2023-12-05,0.0004237983801757413
2023-12-06,3.6423706137766336e-05
2023-12-07,0.0070295401283864785
2023-12-08,-0.0010690035324302902
2023-12-11,-0.002256590134985872
2023-12-12,-0.000896374803109622
2023-12-13,0.002466527085942833
2023-12-14,0.006733882953146867
2023-12-15,0.003703142959481359
2023-12-18,-0.003754798374934313
2023-12-19,0.0040114433484778975
2023-12-20,0.002333337110348427
2023-12-21,-0.0018630378334002565
2023-12-22,0.0010556079586652757
2023-12-27,-0.000470277212769681
2023-12-28,0.001201414494227989
2023-12-29,-0.0006151626520596281
2024-01-02,0.00043007111807612524
2024-01-03,-0.0024939688099024897
2024-01-04,-0.00172310314740119
2024-01-05,-0.0010031929197277375
2024-01-08,0.0011590162189426588
2024-01-09,0.0023363582660397325
2024-01-10,-0.003101957262185368
2024-01-11,-0.0014037158084127905
2024-01-12,0.005426377752468153
2024-01-15,-0.0024867471990965115
2024-01-16,0.00017076505692345672
2024-01-17,-0.00851958377390894
2024-01-18,0.0009691835162357823
2024-01-19,0.0006443606797465248
2024-01-22,0.0023576508639841587
2024-01-23,0.0008060008033656211
2024-01-24,0.0025223372356151263
2024-01-25,0.003839264403533895
2024-01-26,0.0007309353710629224
2024-01-29,0.004411803339465878
2024-01-30,-0.0007401622530675851
2024-01-31,0.0006581426353806102
2024-02-01,-0.001097963532095804
2024-02-02,0.00047259494394081484
2024-02-05,-5.8082649222426684e-05
2024-02-06,0.003971430651087603
2024-02-07,-0.0004089375396821659
2024-02-08,-0.0012665070920320589
2024-02-09,0.000640038297317252
2024-02-12,0.007102085461479603
2024-02-13,-0.006992082646302278
2024-02-14,0.004089346687650975
2024-02-15,0.002263193884225107
2024-02-16,0.00182404855347184
2024-02-19,-0.0013071011420557872
2024-02-20,-0.003207018499436024
2024-02-21,-0.0009114183885491563
2024-02-22,0.006443651451954429
2024-02-23,0.0028305419902095157
2024-02-26,-0.003778431718888188
2024-02-27,0.0023514855165661258
2024-02-28,0.0014897862791933276
2024-02-29,0.003928169843417633
2024-03-01,0.0028784629704091524
2024-03-04,0.004327317141666132
2024-03-05,-0.0001581119205151116
2024-03-06,0.003858206490702049
2024-03-07,0.0038723869889898768
2024-03-08,0.0010446555454527578
2024-03-11,0.0005447425476615794
2024-03-12,0.0015805504379568965
2024-03-13,0.0016856286815489555
2024-03-14,-0.002216491608561302
2024-03-15,-0.0034557957023438083
2024-03-18,0.002337181064274998
2024-03-19,-0.0016505667642582184
2024-03-20,0.00038419730980356
2024-03-21,0.008453894068058791
2024-03-22,-0.0004654482241056497
2024-03-25,0.0014909479767356308
2024-03-26,0.0010911164059833726
2024-03-27,0.0009402578840900224
2024-03-28,0.0056741442587455474
2024-04-02,-0.00357725613332994
2024-04-03,-4.35976974968948e-05
2024-04-04,0.0020303933112680926
2024-04-05,-0.0021777283139906185
2024-04-08,0.002266068409746411
2024-04-09,0.001043817506419049
2024-04-10,0.00031171332611970484
2024-04-11,0.00013442968694692305
2024-04-12,0.006619559914343935
2024-04-15,-0.006873032211520241
2024-04-16,-0.007743621221180147
2024-04-17,-0.0020420056947588533
2024-04-18,0.0021713812925106524
2024-04-19,-0.0019236090472578846
2024-04-22,0.0008261574389512303
2024-04-23,0.0035615752639206045
2024-04-24,-0.0015199782405259609
2024-04-25,-0.004717233881394595
2024-04-26,0.009328305673656835
2024-04-29,0.0021407040354246244
2024-04-30,-0.004371352541251946
2024-05-02,0.000490478517183136
2024-05-03,0.0049477874280096845
2024-05-07,0.002758195055219632
2024-05-08,-0.00018122826608136966
2024-05-09,0.0011341546028237875
2024-05-10,0.002828687619712613
2024-05-13,0.00010168548740804125
2024-05-14,-0.0015541780728127348
2024-05-15,0.009467258203707895
2024-05-16,0.0019338772348162473
2024-05-17,-0.00016426922665585945
2024-05-20,0.0019401822849351102
2024-05-21,0.00012602587112688071
2024-05-22,-0.0021870085441886545
2024-05-23,-0.0036094980247240284
2024-05-24,-0.0030400655393894647
2024-05-28,-0.0032542352884330312
2024-05-29,-0.005617201044536403
2024-05-30,-0.0006603864644835323
2024-05-31,-0.00397887243452917
2024-06-03,0.004986978815389999
2024-06-04,-0.0025809282104961606
2024-06-05,0.008748375332624816
2024-06-06,0.0009313956922933095
2024-06-07,-0.0030110552938343344
2024-06-10,0.001103133521831554
2024-06-11,-0.0023565927761811643
2024-06-12,0.0049516534304590975
2024-06-13,-0.0008441667833830567
2024-06-14,0.004025255446435527
2024-06-17,-0.00300652378967215
2024-06-18,0.004439626819392669
2024-06-19,0.0015334824482689834
2024-06-20,0.0030751767886843437
2024-06-21,-0.0024586096874676697
2024-06-24,-0.0006850198930490327
2024-06-25,-0.0014034034371129842
2024-06-26,-0.0014894578773073505
2024-06-27,-0.00031171191612424076
2024-06-28,-0.00020205709940472914
2024-07-01,-0.002776932852375621
2024-07-02,0.0001745108441666743
2024-07-03,0.004634044559053851
2024-07-04,-0.00042916959436742
2024-07-05,0.0018293460659156316
2024-07-08,0.0009494527513275126
2024-07-09,-0.0010226369286153061
2024-07-10,0.004402487513298319
2024-07-11,0.00423950798594962
2024-07-12,0.0016001765682668854
2024-07-15,-0.0006616459273050035
2024-07-16,0.0021650702697476017
2024-07-17,-0.003470094765105957
2024-07-18,-0.002353374203332672
2024-07-19,-0.0060385255329104435
2024-07-22,0.0018245911590904023
2024-07-23,0.0042405689574712
2024-07-24,-0.005264902412133768
2024-07-25,-0.004980696066612614
2024-07-26,0.002107537668361659
2024-07-29,0.0021584811817386223
2024-07-30,-0.0004392803586815087
2024-07-31,0.010081758824371232
2024-08-01,-0.0015096809669590226
2024-08-02,-0.017024345320866774
2024-08-05,-0.013525260341518639
2024-08-06,0.0028671544664206224
2024-08-07,0.0071465191536237965
2024-08-08,0.0030185747810887965
2024-08-09,0.002111759282437924
2024-08-12,0.002610325316293767
2024-08-13,0.0048258647347944085
2024-08-14,-0.0021611166341259334
2024-08-15,0.005499583117553424
2024-08-16,0.0017585641284221245
2024-08-19,0.002507634146317965
2024-08-20,-0.0008549149598411958
2024-08-21,0.0005660387400367987
2024-08-22,-0.0018332282705860285
2024-08-23,0.003664118126032251
2024-08-27,-0.0029123359232867256
2024-08-28,-0.0002827221175280703
2024-08-29,0.004372249079577382
2024-08-30,-0.0026444661813974746
2024-09-02,0.0012127293925656543
2024-09-03,-0.0033336913938024327
2024-09-04,-0.0022206328675322914
2024-09-05,-0.0011389159094982752
2024-09-06,-0.00457684418390609
2024-09-09,0.004229826704523245
2024-09-10,0.0027719832315095255
2024-09-11,-0.0002200953673461922
2024-09-12,0.007729211060452834
2024-09-13,0.0054046920955997165
2024-09-16,-0.0005183635011465134
2024-09-17,0.002465792912009598
2024-09-18,-0.0032512720647259316
2024-09-19,0.004968434144430242
2024-09-20,1.701674644677629e-05
2024-09-23,0.0063426656989465586
2024-09-24,0.004451264291497167
2024-09-25,-7.559888414918091e-05
2024-09-26,0.005587664223855059
2024-09-27,0.0011415519257972325
2024-09-30,-0.0026982980324876723
2024-10-01,0.0047611450061553024
2024-10-02,0.0020772431933763465
2024-10-03,-0.0006140016586949599
2024-10-04,0.002068819946692748
2024-10-07,0.0011405257148645062
2024-10-08,-0.004771417314719568
2024-10-09,0.0011074130426520833
2024-10-10,0.0010750976500109304
2024-10-11,0.002857390856137147
2024-10-14,0.003978645354729532
2024-10-15,-0.000745781558418862
2024-10-16,0.004130590852325551
2024-10-17,0.0034588351124710945
2024-10-18,0.0014887056388700867
2024-10-21,-0.0050005393293558464
2024-10-22,0.0024033584111010004
2024-10-23,-0.0023789997095597583
2024-10-24,0.0012835920250357693
2024-10-25,0.0006130485937475361
2024-10-28,-0.0003885601595816089
2024-10-29,-0.00015236975607227566
2024-10-30,-0.004448357060036508
2024-10-31,-0.007851654858864937
2024-11-01,0.002534655191821914
2024-11-04,-0.003680323049651296
2024-11-05,0.0027252530047233966
2024-11-06,0.008352999273795302
2024-11-07,0.003921906969297249
2024-11-08,0.002760209087906911
2024-11-11,0.006645166424015029
2024-11-12,-0.0029572391281018837
2024-11-13,0.0008001947397983078
2024-11-14,-0.0006008668963296853
2024-11-15,-0.00414822955985863
2024-11-18,0.004271390339081273
2024-11-19,0.001295186571710369
2024-11-20,0.0020680250449201386
2024-11-21,0.006135757657156404
2024-11-22,0.008160787555655491
2024-11-25,-0.0053105008293885935
2024-11-26,-0.00014969816673871206
2024-11-27,-0.002824990237447955
2024-11-28,0.0021524773785932937
2024-11-29,0.005174599589566531
2024-12-02,0.0025772962296554645
2024-12-03,-0.0016738899049988125
2024-12-04,0.0017101871498515218
2024-12-05,0.0011138520830852035
2024-12-06,-0.0013475554157078818
2024-12-09,0.00136712585809966
2024-12-10,-0.0004934457538686585
2024-12-11,0.004521751210876055
2024-12-12,-0.0024678241628983836
2024-12-13,-0.004008448955394572
2024-12-16,0.00010223104570152193
2024-12-17,-0.002741111720934612
2024-12-18,0.0004712495113111603
2024-12-19,-0.008171361802408947
2024-12-20,-0.000421190936017754
2024-12-23,-0.0025140440821282894
2024-12-27,0.001528465979778717
2024-12-30,-0.0036724649811202704
2025-01-02,0.011156671421522232
2025-01-03,-0.0013225668600259687
2025-01-06,0.0006701871012859844
2025-01-07,-0.002842169761706292
2025-01-08,-0.002231181203648284
2025-01-09,0.000818360909280699
2025-01-10,-0.0032636040535263164
2025-01-13,-0.004084603604971799
2025-01-14,0.0005053148922698568
2025-01-15,0.011392634343606486
2025-01-16,0.0036099155293138003
2025-01-17,0.005472267164761847
2025-01-20,-0.002218795053411112
2025-01-21,0.0012649236010505217
2025-01-22,0.0016950726509288177
2025-01-23,0.0008199975982189134
2025-01-24,-0.001623820991122307
2025-01-27,-0.01278029601167088
2025-01-28,0.0049300491549912956
2025-01-29,0.0036599059662652377
2025-01-30,0.005323731681537883
2025-01-31,0.004281971597724551
2025-02-03,-0.00034936580411192746
2025-02-04,-0.0006161987824857373
2025-02-05,-0.0006652168875694195
2025-02-06,0.0035154782513200007
2025-02-07,0.0014713592562965946
2025-02-10,0.004749466202429162
2025-02-11,-0.0032160211825697704
2025-02-12,-0.003643987193281731
2025-02-13,0.0026930041052619156
2025-02-14,-0.0027805930486110497
2025-02-17,0.001107862569973335
2025-02-18,0.0030103355824344187
2025-02-19,0.001683197650089184
2025-02-20,-0.001100404784198168
2025-02-21,0.003414539947994631
2025-02-24,-0.007330336505989166
2025-02-25,-0.008948617381416162
2025-02-26,0.008019692813727481
2025-02-27,-0.001691218824323051
2025-02-28,-0.0065506008244819594
2025-03-03,0.0005528519219200859
2025-03-04,-0.011895888643261984
2025-03-05,-0.009506861201455222
2025-03-06,-0.0018358504841641968
2025-03-07,-0.0057901789799452335
2025-03-10,-0.003958903924352818
2025-03-11,-0.00633571854769819
2025-03-12,0.0037779532811937893
2025-03-13,-5.150131489346876e-06
2025-03-14,0.006131123503195537
2025-03-17,0.004071195763330054
2025-03-18,-0.0018132666999761049
2025-03-19,0.004624334923874683
2025-03-20,0.0009723283096351551
2025-03-21,-0.0014379768861801378
2025-03-24,0.0063598889983589105
2025-03-25,-0.000735542995292026
2025-03-26,-0.002798235107490099
2025-03-27,0.0019808692546541148
2025-03-28,-0.006596715004268961
2025-03-31,-0.0006443042489285278
2025-04-01,0.006535711621730322
2025-04-02,-0.0014978293022439198
2025-04-03,-0.01846558162459364
2025-04-04,-0.021422342732851478
2025-04-07,-0.016273163149963108
2025-04-08,0.010655590965906878
2025-04-09,-0.019579011767433985
2025-04-10,0.01737546320444576
2025-04-11,0.0013366001876372602
2025-04-14,0.012292926689758222
2025-04-15,0.004566907639809725
2025-04-16,-0.0015412458093543807
2025-04-17,-0.002035001077272579
2025-04-22,0.001982608640559456
2025-04-23,0.008162105940022668
2025-04-24,0.0055792047399360264
2025-04-25,-0.00045407835684289964
2025-04-28,0.0006118700728832859
2025-04-29,0.0023961899963441053
2025-04-30,0.002765823976692999
2025-05-02,0.00891570386494795
2025-05-06,0.001416348065469744
2025-05-07,-0.0019605490957389825
2025-05-08,0.004553150296985361
2025-05-09,0.000965000894586473
2025-05-12,0.00855150368609831
2025-05-13,0.0002572538060065913
2025-05-14,-0.0023979428466713365
2025-05-15,0.005440374035675176
2025-05-16,0.0032943094991867397
2025-05-19,-0.0015638977809051655
2025-05-20,0.002665787699411814
2025-05-21,-0.0022399933224648057
2025-05-22,-0.0035587700138375714
2025-05-23,-0.0014354282823320365
2025-05-27,0.0025640088560678087
2025-05-28,-0.0010291065904779028
2025-05-29,-0.0008170974122544531
2025-05-30,-0.0019738070193174137
2025-06-02,-0.0010175744047237565
2025-06-03,0.005252463503502197
2025-06-04,0.0006741632088681507
2025-06-05,-0.001314504247087586
2025-06-06,0.001749320134174582
2025-06-09,0.0017380103981238756
2025-06-10,0.0020284735479828577
2025-06-11,-7.908466633829958e-05
2025-06-12,-0.002215410523368453
2025-06-13,-0.0034642422410649104
2025-06-16,0.0027059336777739717
2025-06-17,-0.002773915031842536
2025-06-18,0.0009175840307269028
2025-06-19,-0.0038188289216057126
2025-06-20,0.0009518365463132226
2025-06-23,-9.546025781776675e-05
2025-06-24,0.002200065192030977
2025-06-25,-0.0005468412133700656
2025-06-26,-0.0005655658608980435
2025-06-27,0.0012989855855850385
2025-06-30,-0.0018835124067884262
2025-07-01,0.0011195582627059062
2025-07-02,-0.00015145615819885507
2025-07-03,0.0050854643927569
2025-07-04,-0.0039002963654081175
2025-07-07,0.0007791359941892623
2025-07-08,-0.0006504049385570976
2025-07-09,0.0017848768505269268
2025-07-10,0.00279735117793105
2025-07-11,0.0007035138597754328
2025-07-14,0.0006858237252990948
2025-07-15,0.0035159233989704875
2025-07-16,-0.0038180411548717616
2025-07-17,0.008591407576699607
2025-07-18,0.00019546633772860494
2025-07-21,0.0029310013448757537
2025-07-22,-0.000891765517066845
2025-07-23,0.0022943235266068653
2025-07-24,-0.0037674935928548067
2025-07-25,-0.001264071694632518
2025-07-28,0.0043211769912301305
2025-07-29,0.0033150967759135847
2025-07-30,0.0019403695783977407
2025-07-31,-0.00019184025133075816
2025-08-01,-0.010781467555360053
2025-08-04,0.007139385247356631
2025-08-05,-0.0011794530753445269
2025-08-06,-0.001400398139936164
2025-08-07,0.002233239142388385
2025-08-08,-0.0010338720349378067
2025-08-11,0.0017823941788496609
2025-08-12,-0.0024599868574868857
2025-08-13,0.003272837722593641
2025-08-14,-6.440421724950327e-05
2025-08-15,-0.00402607436596822
2025-08-18,0.0010803958936548483
2025-08-19,-0.0007803834221969708
2025-08-20,-0.0006195960214284584
2025-08-21,0.0017038888548403402
2025-08-22,0.003694175841036835
2025-08-26,-0.0012195558328821968
2025-08-27,0.0020071972227735744
2025-08-28,-0.0013446651180761772
2025-08-29,-0.0031844703779010486
2025-09-01,0.0019739917165694956
2025-09-02,-0.004073357434365642
2025-09-03,0.00536400872027326
2025-09-04,0.0005630292624289661
2025-09-05,-0.0009545018786559435
2025-09-08,0.004520512402076233
2025-09-09,0.0010246661489348684
2025-09-10,0.005124895624627844
2025-09-11,0.00257604700860864
2025-09-12,0.0009788820972989752
2025-09-15,0.002039034034913094
2025-09-16,-0.003939881028881975
2025-09-17,0.0014265126030100512
2025-09-18,0.002019210179753031
2025-09-19,-0.00029303179149769846
2025-09-22,0.0007707829572053142
2025-09-23,0.0022162913014913232
2025-09-24,0.0008403810138873588
2025-09-25,-0.00041349508254482655
2025-09-26,0.0009595619148828166
2025-09-29,0.005600552118238193
2025-09-30,-0.0004810242253695968
2025-10-01,0.005729471386519847
2025-10-02,0.0020400055384817385
2025-10-03,0.0038184948167185777
2025-10-06,0.004498188605678109
2025-10-07,0.0007315130248138626
2025-10-08,0.005948452845039266
2025-10-09,-0.0004448523846160968
2025-10-10,-0.009159753409129969
2025-10-13,0.006880753854156171
2025-10-14,-0.0016791706215019506
2025-10-15,0.005523378703141078
2025-10-16,0.0018759845937439032
2025-10-17,-0.006376960911366033
2025-10-20,0.009848403403103114
2025-10-21,-0.0038707297196671053
2025-10-22,-0.003961115419668859
2025-10-23,0.004070349375331623
2025-10-27,-0.02990350510617773
2025-10-28,-0.0016545444106996177
2025-10-29,0.0021872746279327114
2025-10-30,0.00027521270807745175
2025-10-31,-0.001444678958145208
2025-11-03,0.0005887159272033635
2025-11-04,-0.002206173284384734
2025-11-05,0.0002820149889335
2025-11-06,-0.006412798883892226
2025-11-07,-0.004776963659304391
2025-11-10,0.010733513334403361
2025-11-11,0.0013608743631053203
2025-11-12,0.004184823271782327
2025-11-13,-0.005376787504300402
2025-11-14,-0.00413682363934168
2025-11-17,-0.0021292198665218112
2025-11-18,-0.00468594770727598
2025-11-19,0.00018986175260731739
2025-11-20,0.0016316190579756013
2025-11-21,-0.0052715700587277195
2025-11-24,0.005125233939541173
2025-11-25,0.0007512233433318761
2025-11-26,0.0056592572907307286
2025-11-27,-3.687675739889246e-05
2025-11-28,0.003099273380864565
2025-12-01,-0.004131070654559678
2025-12-02,-0.0009406077885341526
2025-12-03,0.0006874136878625265
2025-12-04,0.0005953575712099994
2025-12-05,0.0008695954112993218
2025-12-08,-0.0032651139541511926
2025-12-09,4.970086197773353e-05
2025-12-10,-0.0017743405767650562
2025-12-11,-0.001551921679459931
2025-12-12,-0.0022796270580413805
2025-12-15,0.0013036972839397915
2025-12-16,-0.0033530715819075243
2025-12-17,-0.0007056472369659327
2025-12-18,0.007093953004746205
2025-12-19,0.0010777373696545022
2025-12-22,0.00024077582323434822
2025-12-23,0.0031831723972539014
2025-12-29,0.0003922821169718091
2025-12-30,0.0029842707005386425
2026-01-02,-0.0018738622334591923
2026-01-05,0.008296504351212517
2026-01-06,0.004750140027855721
2026-01-07,-0.0004126312698642595
2026-01-08,-0.00024306700936336457
2026-01-09,0.00489531398441814
2026-01-12,0.00393007099645476
2026-01-13,0.0011201159307897195
2026-01-14,-0.0001690522883953344
2026-01-15,0.005277779917995762
2026-01-16,-0.0019320393669456715
2026-01-19,-0.0030124189833808644
2026-01-20,-0.0038999561129076086
2026-01-21,0.003313735140832571
2026-01-22,0.0033333819623530972
2026-01-23,0.0011266212285779207
2026-01-26,0.0002648969717819464
2026-01-27,-0.0001383818660235194
2026-01-28,0.006822733616802878
2026-01-29,-0.005965644854407856
2026-01-30,-0.0028567695807564407
2026-02-02,-0.006060664101648893
2026-02-03,0.003636122637142117
2026-02-04,-0.0030054203209346915
2026-02-05,-0.005932101683373249
2026-02-06,0.005942141293282853
2026-02-09,0.004610297970718406
2026-02-10,0.0016272962811102378
2026-02-11,0.002033920795394048
2026-02-12,-0.0034167775524230693
2026-02-13,0.0012624323392216826
2026-02-16,0.0007890378727392828
2026-02-17,-0.001907639548786868
2026-02-18,0.005073922726323209
2026-02-19,-0.001164045479627802
2026-02-20,0.004352816471705751
2026-02-23,0.0007516828187783409
2026-02-24,0.0017701965884404786
2026-02-25,0.005596423574321135
2026-02-26,-0.0028256306305352373
2026-02-27,-4.242951059424609e-05
2026-03-02,0.0018646191904170713
2026-03-03,-0.012420464635900755
2026-03-04,0.006606038702721881
2026-03-05,-0.006565668008503496
2026-03-09,-0.0024812682259713133
2026-03-10,0.00942787712301042
2026-03-11,-0.004764652091550814
2026-03-12,-0.0018040888140459844
2026-03-13,-4.5930342343334395e-05
2026-03-16,0.002106340555270243
2026-03-17,0.0014948162083808394
2026-03-18,-0.007335419411721686
2026-03-19,-0.01492589548243763
2026-03-20,-0.009175088250299036
2026-03-23,-0.003178406281538829
2026-03-24,5.4670935869844996e-05
2026-03-25,0.009895231202137438
2026-03-26,-0.010278719762442622
2026-03-27,-0.003175862007271645
2026-03-30,0.007373379511515
2026-03-31,0.00010602376794651211
2026-04-01,0.01166681373810722
2026-04-02,-0.0025166043396865796
2026-04-07,-0.0028757726162475126
2026-04-08,0.015426742560788083
2026-04-09,0.0009528415758746586
2026-04-10,-0.0006970093782859586
2026-04-13,-0.0022108989929565163
2026-04-14,0.007807959511563044
2026-04-15,0.0016799239009928932
2026-04-16,0.0036437064885273644
2026-04-17,0.007488678212885203
2026-04-20,-0.0033930324769503575
2026-04-21,-0.0030617626638593273
2026-04-22,0.0029412363369156675
2026-04-23,0.00030804242289337875
2026-04-24,0.002141564635468242
2026-04-27,-0.0015412698829842823
2026-04-28,-0.003632487793594652
2026-04-29,-0.00020917483861634243
2026-04-30,0.005092789100602799
2026-05-05,0.0041112600398488875
2026-05-06,0.007229487085377546
2026-05-07,-0.0001249624626809596
2026-05-08,-0.0011532409998206792
2026-05-11,0.0018602919641160526
2026-05-12,-0.006638969959340386
2026-05-13,0.005699620306879108
2026-05-14,0.005292575036787658
2026-05-15,-0.009744485642442454
2026-05-18,-0.0034230049233527626
2026-05-19,-0.001035225894073814
2026-05-20,0.005629083155387926
2026-05-21,-0.000703881923144046
2026-05-22,0.0051657785694210825
2026-05-26,-0.0031726684255266122
2026-05-27,-0.002938060179278422
2026-05-28,0.0011231729018928143
2026-05-29,0.001815275249659702
2026-06-01,4.0653320444660246e-05
2026-06-02,0.0024541081816322335
2026-06-03,-0.006023374074144775
2026-06-04,-0.0019175488023910436
2026-06-05,-0.0074252223543203625
2026-06-08,-0.0011077070865738688
2026-06-09,-0.006524060093767621
2026-06-10,-0.0023408434702417574
2026-06-11,0.0010689922384274533
2026-06-12,0.010648731678048745
2026-06-15,0.009768463690035757
2026-06-16,-0.0018423466154867051
2026-06-17,0.0009981452856577108
2026-06-18,0.0006182039293809582
2026-06-19,-0.0018275679098586203
2026-06-22,0.005810895766126193
2026-06-23,-0.008603052721434813
2026-06-24,-0.0007764756003074541
2026-06-25,0.00010647806779660835
2026-06-26,0.00037450440282983454
2026-06-29,-0.0024894872591317485
2026-06-30,0.005127868221972623
2026-07-01,0.0013556840041309744
2026-07-02,-0.0031579526590217134
2026-07-03,0.004517427143413976
2026-07-06,0.0004537446097616183
2026-07-07,-0.0036936586695379033
2026-07-08,-0.006170023274140704
2026-07-09,0.005996876714156978
2026-07-10,0.0009938479250105041
2026-07-13,-0.004065891206978892
2026-07-14,0.002754299248777791
2026-07-15,-0.00040164971699680683
2026-07-16,-0.003819471513231994
2026-07-17,-0.004618038975204793
2026-07-20,0.0027559258868289
2026-07-21,0.003826537812473447
2026-07-22,0.0025109639666265936
2026-07-23,-0.00823384282703086
2026-07-24,0.0027224162023723243
2026-07-27,-0.0032742389631613155
2026-07-28,0.00020840327554818514
2026-07-29,-0.005136608511974467
2026-07-30,0.0005362008344539404
2026-07-31,0.0017929748861119027
2026-08-03,0.005859983478589902
2026-08-04,0.005771040431448065
2026-08-05,0.004289606256177988
2026-08-06,-0.0011972293008547465
2026-08-07,0.0041622389965739175
2026-08-10,-0.0019578650860426323
2026-08-11,0.00044497455911546047
2026-08-12,0.002071079629141374
2026-08-13,0.0019324600703415503
2026-08-14,-0.002736591445989019
2026-08-17,0.0012359065774516557
2026-08-18,-0.006737829498998787
2026-08-19,0.0023126203789827493
2026-08-20,0.0006172308640365963
2026-08-21,0.004968101824363883
2026-08-24,-0.000737167027153446
2026-08-25,0.003860567413468152
2026-08-26,-0.0021944808098254766
2026-08-27,0.0019382935293041103
2026-08-28,0.002306273567127911
2026-09-01,-0.002066100674028231
2026-09-02,-0.0010037369671191852
2026-09-03,0.007372268212791121
2026-09-04,-0.0005395643249936125
2026-09-07,-0.0009935797685736163
