ticker,years,start,end,cagr,vol,max_dd,dd_2022,coverage,stale_days,verdict,n_repairs,venue
CW8.PA,10.0,2016-09-02,2026-09-07,0.12308164333659977,0.14780613505283266,0.3361626763417742,0.16748375474759114,0.9812404287901991,2,OK,0,3
IWDA.AS,10.0,2016-09-02,2026-09-07,0.1252267435304122,0.14955735144432838,0.33633285550677217,0.16736901497557144,0.9804747320061256,14,OK,0,3
VWCE.DE,7.1,2019-07-29,2026-09-07,0.12668035809011324,0.16017816601622592,0.33430764290457027,0.161189223190229,0.9735991379310345,13,OK,0,3
SWRD.L,7.5,2019-02-26,2026-09-07,0.14141165580157034,0.1708312487958947,0.3409736105253076,0.25541689345729623,0.9669211195928753,10,OK,0,1
EUNL.DE,10.0,2016-09-02,2026-09-07,0.12524112819215172,0.15121766980632292,0.33632247473011834,0.16773540227141648,0.9732006125574273,19,OK,0,3
IUSQ.DE,10.0,2016-09-02,2026-09-07,0.11976526235105611,0.1498958810143263,0.3360015372204518,0.16252788557882203,0.9732006125574273,35,OK,0,3
EXXT.DE,10.0,2016-09-02,2026-09-07,0.19772684531929885,0.2129770646632961,0.31420308428712884,0.3057659946399789,0.9732006125574273,16,OK,0,3
ESE.PA,10.0,2016-09-02,2026-09-07,0.14635311775583948,0.16069571091491328,0.33620571543526834,0.17189261190019467,0.9812404287901991,6,OK,0,3
PANX.PA,7.4,2019-04-25,2026-09-07,0.20731280505575267,0.21880726725073374,0.31184712154493544,0.3043189940442774,0.9823192927717108,7,OK,0,3
PUST.PA,10.0,2016-09-02,2026-09-07,0.1989359165095259,0.19858152990208727,0.3139614338599924,0.3066241357871634,0.9812404287901991,26,OK,0,3
CSPX.L,10.0,2016-09-02,2026-09-07,0.14989325154022848,0.16204098537304373,0.33904982784260373,0.24391142395442467,0.9674578866768759,6,OK,0,1
SXR8.DE,10.0,2016-09-02,2026-09-07,0.14514796722316015,0.16095554814199853,0.3378386970039121,0.17103956172434487,0.9732006125574273,10,OK,0,3
VUSA.L,5.0,2021-09-01,2026-09-07,0.12851587785085727,0.14426299503530893,0.20936856872842036,0.15656757758634887,0.9656226126814362,5,OK,0,1
EXSA.DE,10.0,2016-09-02,2026-09-07,0.09347656880267396,0.15323921024677314,0.35699646807984897,0.2067417486204427,0.9732006125574273,28,OK,0,3
MEUD.PA,2.5,2024-02-19,2026-09-07,0.15119144280078545,0.13239202001670242,0.16179756870039708,,0.9774774774774775,2,OK,0,3
EMIM.AS,10.0,2016-09-02,2026-09-07,0.08839930186876321,0.18103052218642868,0.3243098275105909,0.21311477250897704,0.9800918836140888,9,OK,0,3
AEEM.PA,10.0,2016-09-02,2026-09-07,0.08728568882823673,0.18362123175012268,0.3199381240914051,0.21746504450418858,0.9812404287901991,3,OK,0,3
VEUR.AS,10.0,2016-09-02,2026-09-07,0.09387824790817101,0.15102497407725918,0.3563305912541891,0.20193719775239494,0.9804747320061256,16,OK,0,3
WSML.L,8.4,2018-03-27,2026-09-07,0.0925288685160146,0.19407311336869848,0.41141221760799607,0.2749599458702001,0.9673469387755103,11,OK,0,1
IGLO.L,10.0,2016-09-02,2026-09-07,-0.009689391502120892,0.06642787227299529,0.2800501039808688,0.23729056195991283,0.9682235834609495,33,OK,0,1
EUNH.DE,10.0,2016-09-02,2026-09-07,-0.006940524988221064,0.055275239721930956,0.22428631365179652,0.20038416711877016,0.9739663093415007,29,OK,0,3
SWDA.L,10.0,2016-09-02,2026-09-07,0.12778121395211284,0.19579211099321076,0.27417524391794046,0.15354625880941675,0.9678407350689127,17,OK,0,1
VWRL.L,10.0,2016-09-02,2026-09-07,0.12254477575163181,0.14183915666190455,0.24984839334916498,0.1486418705026884,0.9674578866768759,16,OK,0,1
VWRP.L,7.1,2019-07-25,2026-09-07,0.12061485690601637,0.14849919075560827,0.2510408430884742,0.14876776134881076,0.9666307857911733,9,OK,0,1
ISF.L,10.0,2016-09-02,2026-09-07,0.04458776698614164,0.14832264557712765,0.37286523555381246,0.11501016200834746,0.9678407350689127,30,OK,0,1
IWDP.L,17.7,2009-01-02,2026-09-17,0.04148325726485669,0.24872826024091663,0.5044593567196928,0.20393232307285847,0.9677489177489178,67,REJET oscillation de devise,0,1
PHGP.L,10.0,2016-09-02,2026-09-07,0.12177870700075255,0.15462580583339508,0.24952448236508884,0.10761146070424421,0.9674578866768759,5,OK,0,1
PHAU.L,18.7,2008-01-02,2026-09-17,0.08694992690935988,0.1798213099635156,0.455051686828578,0.21143744077491067,0.9682507169192953,23,OK,0,1
XAD1.DE,10.0,2016-09-02,2026-09-07,0.09629744569386434,0.15818750069825485,0.2533394871666542,0.22681577401999387,0.9739663093415007,23,OK,0,3
PHAG.L,10.0,2016-09-02,2026-09-07,0.1261622020563391,0.3157468147699462,0.5104126669720779,0.3373591391561318,0.9682235834609495,24,OK,0,1
LQDE.L,10.0,2016-09-02,2026-09-07,0.019638419541290864,0.08668963063539858,0.2538162003097312,0.24428694523437877,0.9682235834609495,27,OK,0,1
SHYU.L,10.0,2016-09-02,2026-09-07,0.043977834514028924,0.0920530421810315,0.15008679549293324,0.0750682066356898,0.9674578866768759,18,OK,0,1
IDTL.L,10.0,2016-09-02,2026-09-07,-0.022922346211279976,0.14565258199153325,0.48305475099768136,0.38620649914740957,0.9682235834609495,103,OK,0,1
XMME.DE,9.2,2017-06-21,2026-09-07,0.06867838290986117,0.2020351905651926,0.31956962525609567,0.2249103981407291,0.9733777038269551,10,OK,0,3
XESC.DE,10.0,2016-09-02,2026-09-07,0.10736048315025415,0.17874722505676266,0.38505945381890505,0.23259912639509528,0.973583460949464,27,OK,0,3
RS2K.PA,10.0,2016-09-02,2026-09-07,0.09596970903721225,0.21489547267317266,0.4046405000428519,0.2126614122036481,0.9812404287901991,3,OK,0,3
MWO.PA,2.5,2024-02-19,2026-09-07,0.0564345209704471,0.14168254233428149,0.20478866480540636,,0.9774774774774775,63,OK,0,3
EXS2.DE,10.0,2016-09-02,2026-09-07,0.08130635690298749,0.19369143298886998,0.3497222264607748,0.34047047325353863,0.9732006125574273,24,OK,0,3
EXSI.DE,10.0,2016-09-02,2026-09-07,0.10286146215141345,0.16806400807198613,0.3817446884197472,0.24316723517092842,0.9732006125574273,27,OK,0,3
EXH3.DE,10.0,2016-09-02,2026-09-07,0.01387517281451367,0.1449911797102252,0.3019522316209483,0.18306559041182224,0.9732006125574273,25,OK,0,3
BTCE.DE,6.3,2020-06-08,2026-09-17,0.3323289520678332,0.5725131015049001,0.746191131000314,0.7089826333019928,0.975594874923734,6,OK,0,3
ZETH.DE,5.2,2021-06-09,2026-09-07,-0.013200524613691034,0.6700177832815204,0.7678013785916173,0.7656735010241456,0.9766252739225713,4,OK,0,3
BTC.L,1.7,2025-01-13,2026-09-17,-0.7781456118380511,1.199143486547146,0.9685393263784687,,0.9681093394077449,138,OK,0,1
IJPN.L,10.0,2016-09-02,2026-09-07,0.07382385442967654,0.20700764895912688,0.25325363470652573,0.1719427185201805,0.9678407350689127,25,OK,0,1
IEAG.L,10.0,2016-09-02,2026-09-04,-0.004641094358242115,0.046989866858600064,0.20510135155398657,0.19080553023170166,0.9682114132516277,49,OK,0,1
IEMB.L,10.0,2016-09-02,2026-09-07,0.020152295229788786,0.10392859270217358,0.2954164143653023,0.2720649016436302,0.9682235834609495,36,OK,0,1
EUNA.DE,8.8,2017-11-21,2026-09-17,-0.003561629814866185,0.04216489385501386,0.17791295957178932,0.16126049340051707,0.9717759444203213,75,OK,0,3
VAGP.L,7.2,2019-06-18,2026-09-07,0.003928027606196816,0.044607093223988,0.18131669298064357,0.1690842663127924,0.9676392572944297,35,OK,0,1
AIGC.L,18.7,2008-01-02,2026-09-17,-0.007365829913318134,0.17770210327950856,0.7601778695938657,0.19957645886764008,0.9682507169192953,60,OK,0,1
COPA.L,10.0,2016-09-02,2026-09-07,0.11044473962386969,0.2608161867253265,0.38112904948572957,0.3463931548909537,0.9682235834609495,444,OK,0,1
CRUD.L,10.0,2016-09-02,2026-09-07,0.08393790185035566,0.38213073678748233,0.8320249768238426,0.3200944341125379,0.9682235834609495,31,OK,0,1
IUSP.L,10.0,2016-09-02,2026-09-07,0.003112294700237994,0.1929973292752514,0.4014422259841839,0.214258503737371,0.9674578866768759,18,OK,0,1
IPRP.L,10.0,2016-09-02,2026-09-07,-0.031911733294233136,0.19582199471345624,0.5320944239125683,0.46986488998082065,0.9674578866768759,12,OK,0,1
SUUS.L,10.2,2016-07-11,2026-09-17,0.11325792222888409,0.17391846339776387,0.25458985567092896,0.1688963210702341,0.9672809326814592,45,OK,0,1
SUSW.L,8.9,2017-10-12,2026-09-17,0.12036422098233013,0.15986896885411164,0.3209237984311877,0.199205091341916,0.9669669669669669,73,OK,0,1
SUWS.L,8.9,2017-10-12,2026-09-15,0.11561102499686982,0.1678491228669067,0.31935993840307486,0.2907457297607037,0.965650493774152,123,OK,0,1
SUSM.L,10.2,2016-07-11,2026-09-17,0.08150431064889707,0.20437050198637566,0.4077333450317383,0.3048284212912472,0.9612636329447161,52,OK,0,1
SUSE.L,0.4,2026-04-21,2026-09-17,0.21201805148160657,0.12226588652761812,0.04355462475156091,,0.9629629629629629,0,OK,0,1
SUAS.L,10.2,2016-07-11,2026-09-17,0.14567508359266168,0.16666880088226546,0.33250959120939527,0.2544232298593334,0.9680330951485521,70,OK,0,1
EPAB.L,1.3,2025-06-02,2026-09-04,0.17985498466743,0.2646540194249245,0.15248298643727043,,0.9696969696969697,1,OK,0,1
IBGS.L,18.7,2008-01-02,2026-09-17,-0.001181161191991631,0.17706097043385205,0.301068186408337,0.04722644895342787,0.9678410487505121,35,OK,1,1
IBGM.L,10.0,2016-09-02,2026-09-07,-0.0034195283728282178,0.08404943904631892,0.27439408547087685,0.19849762987203057,0.9674578866768759,14,OK,0,1
IGLT.L,10.0,2016-09-02,2026-09-07,-0.015046222032126466,0.09070315395342775,0.3552187039830125,0.33485542750533925,0.9678407350689127,50,OK,0,1
INXG.L,10.0,2016-09-02,2026-09-07,-0.02955594170380116,0.17297125142541195,0.508749375645382,0.508749375645382,0.9678407350689127,17,OK,0,1
TIPS.L,10.0,2016-09-02,2026-09-07,0.025580048259118415,0.06141156353109962,0.1525790328186576,0.14651348467600223,0.9678407350689127,94,OK,0,1
STHE.L,12.9,2013-10-16,2026-09-17,0.028182486816407115,0.06331919999747863,0.2440459180818818,0.10110613136510382,0.9676749703440095,92,OK,0,1
JREU.L,7.9,2018-10-10,2026-09-07,0.15481717385537097,0.17647449718622202,0.34562285016684424,0.2430631393649667,0.9670542635658915,14,OK,0,1
LQGH.L,8.5,2018-03-23,2026-09-07,0.014402284226725737,0.08656706323018173,0.2578887687390763,0.24944809278976088,0.9673765292251926,83,OK,0,1
CRPS.L,14.0,2012-09-24,2026-09-17,-0.00507018067000542,0.12970085660807965,0.39426649952740467,0.10432293118923741,0.967662373252946,38,REJET 1 saut(s) inexplique(s),0,1
SGLN.L,15.4,2011-04-08,2026-09-17,0.0502522162531005,0.6204662781448942,0.5857144591669552,0.10042386697098138,0.9674937965260546,45,REJET 8 saut(s) inexplique(s),0,1
SSLN.L,10.0,2016-09-02,2026-09-07,0.09749354083314277,0.33607624948936565,0.6494263549679344,0.32176173667428554,0.9682235834609495,0,OK,0,1
IPLT.L,10.0,2016-09-02,2026-09-07,0.05385638963188777,0.2981316904327537,0.4678748836244325,0.2948632816608837,0.9682235834609495,95,OK,0,1
IPDM.L,10.0,2016-09-02,2026-09-07,0.07323597427747308,0.3913379086160374,0.7184924817327136,0.4531389832239969,0.9682235834609495,113,OK,0,1
VUKE.L,10.0,2016-09-02,2026-09-07,0.08383032931059975,0.14771757596794408,0.3426635699750924,0.093262880279533,0.9678407350689127,28,OK,0,1
VMID.L,10.0,2016-09-02,2026-09-07,0.05855842610555473,0.15987711643749408,0.41845336949451695,0.2882020495412533,0.9678407350689127,23,OK,0,1
VFEM.L,10.0,2016-09-02,2026-09-07,0.07717354143093758,0.17415002968848375,0.2591330264113021,0.1717377116705464,0.9674578866768759,9,OK,0,1
VJPN.L,10.0,2016-09-02,2026-09-07,0.09221093603623509,0.15978272113630876,0.25185875990808404,0.15752164340092267,0.9674578866768759,19,OK,0,1
VNRT.L,10.0,2016-09-02,2026-09-07,0.14590129060793422,0.1543498274337167,0.26167340643508585,0.16229921350175847,0.9674578866768759,7,OK,0,1
VEUR.L,10.0,2016-09-02,2026-09-07,0.09608552297932826,0.1480451128364694,0.2859410437153297,0.16134371128365665,0.9674578866768759,10,OK,0,1
VECP.L,10.6,2016-02-24,2026-09-17,0.019054695204076877,0.07596349845308908,0.21435976154442216,0.15269536120529814,0.9669931084512151,26,OK,0,1
VUTY.L,10.0,2016-09-02,2026-09-07,0.005569923202446425,0.0916737331036678,0.2263507359297675,0.11282922586407496,0.9674578866768759,33,OK,0,1
VGOV.L,10.0,2016-09-02,2026-09-07,-0.021827387164526035,0.10050023258136304,0.3928152199084932,0.3737802567716779,0.9678407350689127,13,OK,0,1
VUCP.L,10.0,2016-09-02,2026-09-07,0.02109501909260425,0.09193781515597767,0.15042217385795564,0.11126926412402305,0.9674578866768759,30,OK,0,1
VAGS.L,7.2,2019-06-18,2026-09-07,0.004142820252875268,0.04527170668156927,0.17987344161858965,0.16881884589708918,0.9676392572944297,36,OK,0,1
PE500.PA,7.4,2019-04-25,2026-09-07,0.1479943751152213,0.16787445724994784,0.3360055057423945,0.1679656081489035,0.9823192927717108,4,OK,0,3
PAEEM.PA,7.4,2019-04-25,2026-09-07,0.08558948639708364,0.19497932088503292,0.3193858826828476,0.21734651704137897,0.9823192927717108,8,OK,0,3
CRP.PA,10.0,2016-09-02,2026-09-07,0.004811715372189607,0.05188711959984909,0.17222995829441667,0.16287514521428825,0.9812404287901991,12,OK,0,3
CRB.PA,10.0,2016-09-02,2026-09-04,0.09691909984159297,0.1834699911932976,0.44695189243984446,0.17298630369402357,0.9812332439678284,38,OK,0,3
XDWD.DE,10.0,2016-09-02,2026-09-07,0.12527080596893625,0.15099851599466044,0.3355269158009794,0.16822534929781052,0.9728177641653905,15,OK,0,3
XMME.L,9.2,2017-06-21,2026-09-07,0.08631873478066487,0.20181512265037507,0.4027678299688816,0.32765817958793797,0.9683860232945092,21,OK,0,1
XDEW.DE,10.0,2016-09-02,2026-09-07,0.11052008090852383,0.16800196996972303,0.3879448879610924,0.15099971124790923,0.9732006125574273,50,OK,0,3
XZW0.DE,8.4,2018-04-24,2026-09-17,0.10922148957889877,0.1848933237550169,0.3322140886492385,0.1873730483507947,0.9717282261741906,83,OK,0,3
XZWE.DE,6.0,2020-09-09,2026-09-17,0.12914979375147095,0.15377409405703601,0.2658373160566908,0.26439236384840814,0.9758269720101781,30,OK,0,3
XDWU.DE,10.4,2016-04-18,2026-09-17,0.07932663233583459,0.15096766918418725,0.3361082400173653,0.18277807095904464,0.9720485472600221,41,OK,0,3
DBXG.DE,18.7,2008-01-02,2026-09-17,0.021989944525124372,0.13780524895938245,0.5350978462716189,0.45179110667730726,0.9729619008603032,155,OK,0,3
XGIG.L,10.0,2016-09-02,2026-09-07,-0.00194461615179653,0.0725039917558202,0.24668666219069146,0.24668666219069146,0.9682235834609495,32,OK,0,1
XEON.DE,10.0,2016-09-02,2026-09-07,0.007709226313009188,0.00393941143757329,0.0314223980564855,0.00430400672536313,0.9739663093415007,97,OK,0,3
SPY5.L,10.0,2016-09-02,2026-09-07,0.14959325005369672,0.16235979308779083,0.33892648544463844,0.24368011701758285,0.9678407350689127,2,OK,0,1
WTAI.L,7.8,2018-11-30,2026-09-07,0.21958082031972093,0.28517216861164457,0.4784745244856152,0.4554849269016037,0.9669462259496794,8,OK,0,1
EMSM.L,10.0,2016-09-02,2026-09-07,0.08273126930759633,0.16545054692881683,0.37805968017435,0.13390982534811724,0.9674578866768759,13,OK,0,1
USPY.L,10.0,2016-09-02,2026-09-07,0.16009048324226383,0.23859245052169262,0.39351936832732703,0.34224916392443416,0.9682235834609495,36,OK,0,1
WUTI.L,10.0,2016-09-02,2026-09-07,0.08472086182515648,0.1558011716218723,0.33850863103418505,0.2185949498525145,0.9678407350689127,158,OK,0,1
SC0J.DE,10.0,2016-09-02,2026-09-07,0.12582049825872677,0.1736496281675807,0.3391286657363063,0.16815361823488384,0.973583460949464,22,OK,0,3
EQQQ.L,10.0,2016-09-02,2026-09-07,0.1965626081062215,0.1944978808093519,0.2816495328162679,0.28108034976777396,0.9674578866768759,2,OK,0,1
SPXP.L,10.0,2016-09-02,2026-09-07,0.1498451782560628,0.15424172630634458,0.25457690524271703,0.15461263186739904,0.9678407350689127,36,OK,0,1
SPXS.L,16.3,2010-05-25,2026-09-17,0.14654417972090128,0.1584387138898849,0.339624309806139,0.24264279523441934,0.9659464537341474,10,OK,1,1
IEMA.L,10.0,2016-09-02,2026-09-07,0.09118492042477411,0.19631016183774563,0.3966376191221953,0.3209530772647704,0.9682235834609495,13,OK,0,1
CMOD.L,9.7,2017-01-09,2026-09-07,0.07685766881522293,0.14691226177179037,0.33162249175143577,0.19925877239010004,0.9682665608885362,9,OK,0,1
PHPM.L,10.0,2016-09-02,2026-09-07,0.11231384796111454,0.21296593627331853,0.35370950421689484,0.2850267869139742,0.9682235834609495,20,OK,0,1
PHPT.L,10.0,2016-09-02,2026-09-07,0.05172681356677011,0.3001808816268568,0.4689592605369608,0.2933547674471396,0.9682235834609495,12,OK,0,1
AIGS.L,10.0,2016-09-02,2026-09-07,0.03942959996967588,0.2007127177480297,0.5595667736423009,0.2386093077683391,0.9682235834609495,178,OK,0,1
NGAS.L,10.0,2016-09-02,2026-09-07,-0.2541853641947762,0.656396955889712,0.9520219595497919,0.5652709459547762,0.9682235834609495,576,OK,0,1
NICK.L,10.0,2016-09-02,2026-09-07,0.03632700950338097,0.3629531269147955,0.7182814826701858,0.5926941161557855,0.9682235834609495,30,REJET 1 saut(s) inexplique(s),0,1
ALUM.L,10.0,2016-09-02,2026-09-07,0.05519885108067846,0.2194846753383673,0.4734283920093014,0.45473240866523756,0.9682235834609495,382,OK,0,1
HMWO.L,10.0,2016-09-02,2026-09-07,0.11053683619969656,0.19581448639524027,0.27821644769856146,0.15906564128104128,0.9678407350689127,14,OK,0,1
HMEM.L,10.0,2016-09-02,2026-09-07,0.09046621027765522,0.1955522344685136,0.39837169022802676,0.3192394435435132,0.9682235834609495,40,OK,0,1
HMUS.L,10.0,2016-09-02,2026-09-07,0.1296059985809659,0.23129881812738068,0.2789859886950862,0.17425345318208096,0.9678407350689127,57,OK,0,1
HMEU.L,10.0,2016-09-02,2026-09-07,0.06615557508951286,0.15990076783638424,0.2915072177025938,0.17695452040664073,0.9678407350689127,40,OK,0,1
HMJP.L,10.0,2016-09-02,2026-09-07,0.07434475508114757,0.20621744920189877,0.2530974994218096,0.17094986079001562,0.9678407350689127,14,OK,0,1
HPRD.L,10.0,2016-09-02,2026-09-07,0.03141855352634493,0.1681278669312301,0.41806208142229084,0.3262767573353025,0.9682235834609495,85,OK,0,1
JEST.DE,8.2,2018-07-02,2026-09-17,0.011937567989374509,0.007002522751343932,0.021569550777718827,0.010090699898966271,0.9720149253731343,356,OK,0,3
JREG.L,7.9,2018-10-10,2026-09-07,0.1396059796896394,0.16870380714983013,0.3381639453692372,0.2532979749037444,0.9670542635658915,14,OK,0,1
JGRE.L,7.9,2018-10-16,2026-09-07,0.13621350667758625,0.1488051466811828,0.25307557117750434,0.1526264433241178,0.9665048543689321,12,OK,0,1
JREM.L,9.9,2016-10-13,2026-09-07,0.09812744710599675,0.19485808137082647,0.41842254287254554,0.34207114929581117,0.9655439411536972,19,OK,0,1
TGBT.DE,7.7,2018-12-21,2026-09-17,-0.008033802138677992,0.05676867513843145,0.2136204249656145,0.19453455957529353,0.9707920792079208,176,OK,0,3
TCBT.DE,7.7,2019-01-10,2026-09-17,0.0073967518516300235,0.055520967140503925,0.1689679092469607,0.16144206063865607,0.9730807577268196,238,OK,0,3
EWLD.PA,2.5,2024-03-15,2026-09-07,0.15352649915483418,0.13804600729266622,0.21700152427041386,,0.9768160741885626,1,OK,0,3
EUE.L,10.0,2016-09-02,2026-09-07,0.07937636309537699,0.17884721774508494,0.3316118942369025,0.2089520771026543,0.9674578866768759,12,OK,0,1
ASOL.DE,5.0,2021-09-23,2026-09-07,-0.04935640572583733,0.9238924040662877,0.9589034397218668,0.955638151548081,0.9752513534416086,3,OK,0,3
21XL.DE,4.4,2022-04-06,2026-09-07,-0.08033693141314846,0.8469927406606854,0.7857358134955681,,0.9740034662045061,4,OK,0,3
SUOE.L,8.2,2018-06-27,2026-09-17,0.006746392701660442,0.05423418160429166,0.17057895651006183,0.16225309949889433,0.9678621332091291,85,OK,0,1
IEAC.L,17.5,2009-03-06,2026-09-17,0.023717938737228828,0.04066137606736232,0.17223838913706357,0.16333700606583768,0.9678688524590164,114,OK,0,1
ECRP.L,9.8,2016-11-11,2026-09-15,-0.008950083855656654,0.09760876760748745,0.2693624100298858,0.1517200665485966,0.9602803738317757,25,OK,0,1
IEBC.L,17.5,2009-03-06,2026-09-15,0.012075015261717725,0.11291916760281794,0.21511941547076696,0.15369096109391067,0.9678547999125301,77,OK,0,1
UEFD.DE,14.9,2011-10-17,2026-09-17,0.1099375169296164,0.16365854367473756,0.3926716496757784,0.28886306082367963,0.9714946070878274,94,OK,0,3
GRON.DE,5.5,2021-03-29,2026-09-17,-0.029279465256096815,0.0604192692397878,0.25128488622556766,0.24386713687802275,0.9762071378586424,7,OK,0,3
XGBE.DE,5.2,2021-06-24,2026-09-17,-0.011285113969126459,0.049639225693957095,0.20191630019646745,0.19362067377048608,0.9773060029282576,10,OK,0,3
EGRE.DE,5.4,2021-04-16,2026-09-17,0.028639627415817825,0.15549996714676026,0.2735559304641586,0.264152553650557,0.976678445229682,16,OK,0,3
IBGL.L,18.7,2008-01-02,2026-09-17,0.0052663581921790215,0.1550695389593795,0.4676448864602326,0.3674921759441766,0.9676362146661205,151,OK,0,1
IBGX.L,18.7,2008-01-02,2026-09-15,0.0036216810674645217,0.32748204525764174,0.24197205366157215,0.09314847947686611,0.9680327868852459,63,OK,0,1
SEGA.L,17.4,2009-04-17,2026-09-17,0.0014112540078190516,0.10298036924986462,0.2674810820610467,0.18789312189036889,0.9678767876787678,547,OK,0,1
X03G.DE,15.1,2011-08-24,2026-09-17,0.0007253332619314712,0.05021743684797425,0.23866991917094937,0.19263200946492265,0.9717700915564598,152,OK,0,3
MTH.PA,2.6,2024-02-19,2026-09-17,-0.0560492078562399,0.124523082522177,0.2081204772947598,,0.9762611275964391,0,OK,0,3
XGLE.DE,18.7,2008-01-02,2026-09-17,0.021366177434020805,0.0504665739200586,0.2259259647357157,0.20104650907996113,0.9731667349446947,41,OK,0,3
IEGA.L,17.3,2009-06-04,2026-09-15,0.012537621293447376,0.049990039910834144,0.22428642159322554,0.2003838449468699,0.9662896429363496,75,OK,0,1
IBCI.DE,17.7,2009-01-14,2026-09-17,0.019124644361989462,0.05844371470975659,0.1637101422395657,0.1637101422395657,0.972896790980052,53,OK,0,3
XEIN.DE,18.7,2008-01-02,2026-09-17,0.025465000975811503,0.06053293549829863,0.16296490775954264,0.16296490775954264,0.9731667349446947,46,OK,0,3
GISG.L,5.4,2021-04-06,2026-09-17,0.022402323809760594,0.04018734488284545,0.09706295772287521,0.09706295772287521,0.9669711876317639,31,OK,0,1
INFL.L,10.4,2016-04-13,2026-09-15,0.0042918962288907014,30.55650029432127,0.9900960327408943,0.049696356275303666,0.9676470588235294,50,REJET oscillation de devise,6,1
AGGH.MI,7.3,2019-06-12,2026-09-17,-0.007631455720785052,0.04465002896781633,0.1782206063477234,0.15970121932525017,0.9725882973115445,63,OK,0,3
XBAE.DE,12.5,2014-04-03,2026-09-17,0.001989087258303046,0.04559291359702116,0.19041504456810832,0.171769427853661,0.9707782220855121,150,OK,0,3
GLAG.L,8.6,2018-01-26,2026-09-15,-0.0005652483155140775,0.05728768777922123,0.2575033881672669,0.22125677491563633,0.9675987572126055,151,OK,0,1
AGGG.L,8.8,2017-11-21,2026-09-17,0.0023148582498080383,0.06243728565970935,0.25905453852571436,0.22260130203561446,0.9669995657837603,43,OK,0,1
CSH2.PA,1.5,2025-03-17,2026-09-17,0.024816421458727422,0.0032743781751624363,0.0005603771662513468,,0.9695431472081218,140,OK,0,3
ERNE.L,12.9,2013-10-16,2026-09-17,0.00865684159935265,0.007086617835451623,0.030525939080128572,0.009460455464605833,0.9679715302491103,515,OK,0,1
ERNA.L,8.2,2018-06-29,2026-09-17,0.031155322974474542,0.021356594123320027,0.0862809284963405,0.007456391791542227,0.9678321678321679,261,OK,0,1
ERND.L,12.9,2013-10-15,2026-09-17,0.022289941205454245,0.018663016527688543,0.07485860299375913,0.009928648994185107,0.9679810257930626,383,OK,0,1
C3M.PA,17.2,2009-06-22,2026-09-17,0.004507898656456177,0.005740462401695897,0.04949593480353742,0.008447576406237611,0.980440097799511,1270,OK,0,3
MTA.PA,8.8,2017-11-27,2026-09-17,0.0012027486603374271,0.01580831963159938,0.07263635339534402,0.052741942867155944,0.9791213571117877,141,OK,0,3
INFR.L,17.7,2009-01-02,2026-09-17,0.03512650183709587,0.3491423072131798,0.48989384017247606,0.15025005916252843,0.9675324675324676,34,REJET oscillation de devise,0,1
GIN.L,11.4,2015-04-14,2026-09-17,0.018230346311938206,0.14087309995551997,0.3959166297650554,0.10410184768448993,0.9674824002681864,49,OK,0,1
NFRA.L,3.1,2023-08-17,2026-09-17,0.10760153066334577,0.1193712008690477,0.15703004092120043,,0.9652605459057072,7,OK,0,1
MAGI.L,11.4,2015-04-14,2026-09-17,0.04419758125704365,0.09730505330542158,0.23318984983168867,0.221410145928429,0.9678176332551123,166,OK,0,1
DH2O.L,17.7,2009-01-02,2026-09-17,0.09763479538174247,0.1722605075266415,0.35545905220829044,0.3243100322009156,0.9679653679653679,77,OK,0,1
4GLD.DE,16.8,2009-11-13,2026-09-17,0.10043597483139544,0.15391313329618095,0.36793515444112457,0.1269945896436273,0.9722411831626848,40,OK,0,3
ZGLD.SW,18.7,2008-01-03,2026-09-17,0.06811896608477586,0.16642976169188028,0.38489491055017433,0.1694021939545035,0.9631223110018439,41,OK,0,2
DBMF.L,1.4,2025-04-24,2026-09-17,0.22911581276562076,0.12099295222941696,0.06853096214113685,,0.9617486338797814,7,OK,0,1
CTA.L,4.7,2021-12-23,2026-09-17,-0.33391654239097157,0.5535126818975261,0.8753541076487252,0.4617563739376771,0.9652103559870551,840,OK,0,1
ICOM.L,9.2,2017-07-18,2026-09-17,0.08841200404132699,0.14947441407348577,0.331328577004105,0.20063603652624995,0.9678228165482657,79,OK,0,1
COMF.L,16.5,2010-03-15,2026-09-17,0.03156901274176738,0.13357517395778065,0.6039150175024646,0.2021296465838397,0.967741935483871,57,OK,0,1
CMFP.L,16.5,2010-03-15,2026-09-17,0.01357119193015266,0.31714328033616335,0.7011176847872986,0.15650856543526392,0.9675098630772802,75,REJET 1 saut(s) inexplique(s),0,1
IAUP.L,15.0,2011-09-16,2026-09-17,0.03762190659883613,0.36074365845298323,0.7988439446349996,0.4489914496756705,0.967816091954023,57,OK,0,1
SPGP.L,15.0,2011-09-16,2026-09-17,0.01765666491285578,0.3669102930700785,0.8656483668032992,0.348129958443521,0.9675606641123883,31,OK,0,1
GDGB.L,9.3,2017-06-14,2026-09-17,0.16927274349797727,0.32917803338272966,0.4080349888744078,0.35487715993380664,0.9673148531237071,45,OK,0,1
WCOB.L,10.4,2016-04-27,2026-09-17,0.0574999940128913,0.212993267663908,0.33055364178977775,0.15283693985346736,0.967551622418879,88,OK,0,1
XDBC.DE,18.7,2008-01-02,2026-09-17,0.0018920367033741226,0.1792159146661639,0.7347113872077212,0.2274590261277304,0.9731667349446947,80,OK,0,3
SUJP.L,9.5,2017-03-03,2026-09-17,0.0732635534531485,0.1760996206855216,0.34358496234186164,0.2962531414080025,0.9674698795180723,102,OK,0,1
SAWD.L,7.9,2018-10-19,2026-09-17,0.13787920790991448,0.1751401730450757,0.3381276981657231,0.2691940193745628,0.9670702179176756,14,OK,0,1
XZEC.DE,5.2,2021-06-29,2026-09-17,0.008304962267524418,0.1964274603236872,0.30218241114788313,0.2972527652512583,0.9772560528246516,14,OK,0,3
EEDS.L,7.5,2019-03-08,2026-09-17,0.15187547652748634,0.17683813252864283,0.336131666535603,0.2728374960366968,0.9669211195928753,11,OK,0,1
XZEM.DE,6.9,2019-10-18,2026-09-17,0.05355045351149679,0.21084149368121277,0.3716396774166383,0.27316727407758523,0.9728531855955679,34,OK,0,3
EMSR.L,0.9,2025-10-13,2026-09-15,150.48601638273743,77.49416504234122,0.259080341160547,,0.9628099173553719,1,REJET 1 saut(s) inexplique(s),0,1
EGRA.L,10.2,2016-06-29,2026-09-17,0.08681543447182949,0.16595457847099607,0.3548011850148368,0.297284493998645,0.9681289838770154,182,OK,0,1
